,,,,,,,,,,,,,,,,,,,,,,,,,,,,,,,,,,,,,,,,,,,,,,,,,,,,,,,,,,,,,,,,,,,,,,,,,,,,,,,,,,,,,,,,,,,,,,,,,,,
,Execution,Bank,Bank,Bank,Bank,Bank,Bank,Bank,Bank,Bank,Bank,Bank,Bank,Bank,Bank,Bank,Bank,Bank,Bank,Bank,Bank,Bank,Bank,Bank,Bank,Bank,Bank,Bank,Bank,Bank,Bank,Bank,Bank,Bank,Bank,Bank,Bank,Bank,Bank,Bank,Bank,Bank,Bank,Bank,Bank,Bank,Bank,Bank,Bank,Bank,Bank,Bank,Bank,Bank,Bank,,,,,,,,,,,,,,,,,,Bank,Bank,Bank,Bank,Bank,Bank,Bank,Bank,Bank,Bank,Bank,Bank,Bank,Bank,Bank,Bank,Bank,Bank,Bank,Bank,Bank,Bank,Bank,Bank,Bank,Bank,Bank
,Loan Type,Permanent,Permanent,Permanent,Permanent,Permanent,Permanent,Permanent,Permanent,Permanent,Bridge,Bridge,Bridge,Bridge,Bridge,Bridge,Bridge,Bridge,Bridge,Construction,Construction,Construction,Construction,Construction,Construction,Construction,Construction,Construction,Permanent,Permanent,Permanent,Permanent,Permanent,Permanent,Permanent,Permanent,Permanent,Bridge,Bridge,Bridge,Bridge,Bridge,Bridge,Bridge,Bridge,Bridge,Construction,Construction,Construction,Construction,Construction,Construction,Construction,Construction,Construction,,,,,,,,,,,,,,,,,,Permanent,Permanent,Permanent,Permanent,Permanent,Permanent,Permanent,Permanent,Permanent,Bridge,Bridge,Bridge,Bridge,Bridge,Bridge,Bridge,Bridge,Bridge,Construction,Construction,Construction,Construction,Construction,Construction,Construction,Construction,Construction
,Asset Type,Multi,Office,Retail,Industrial,Hospitality,Senior Housing,SFR,Land,Specialty,Multi,Office,Retail,Industrial,Hospitality,Senior Housing,SFR,Land,Specialty,Multi,Office,Retail,Industrial,Hospitality,Senior Housing,SFR,Land,Specialty,Multi,Office,Retail,Industrial,Hospitality,Senior Housing,SFR,Land,Specialty,Multi,Office,Retail,Industrial,Hospitality,Senior Housing,SFR,Land,Specialty,Multi,Office,Retail,Industrial,Hospitality,Senior Housing,SFR,Land,Specialty,,,,,,,,,,,,,,,,,,Multi,Office,Retail,Industrial,Hospitality,Senior Housing,SFR,Land,Specialty,Multi,Office,Retail,Industrial,Hospitality,Senior Housing,SFR,Land,Specialty,Multi,Office,Retail,Industrial,Hospitality,Senior Housing,SFR,Land,Specialty
,Recourse,Recourse,Recourse,Recourse,Recourse,Recourse,Recourse,Recourse,Recourse,Recourse,Recourse,Recourse,Recourse,Recourse,Recourse,Recourse,Recourse,Recourse,Recourse,Recourse,Recourse,Recourse,Recourse,Recourse,Recourse,Recourse,Recourse,Recourse,Non-recourse,Non-recourse,Non-recourse,Non-recourse,Non-recourse,Non-recourse,Non-recourse,Non-recourse,Non-recourse,Non-recourse,Non-recourse,Non-recourse,Non-recourse,Non-recourse,Non-recourse,Non-recourse,Non-recourse,Non-recourse,Non-recourse,Non-recourse,Non-recourse,Non-recourse,Non-recourse,Non-recourse,Non-recourse,Non-recourse,Non-recourse,,,,,,,,,,,,,,,,,,,,,,,,,,,,,,,,,,,,,,,,,,,,
,As-Is LTV (Max),75%,65%,75%,75%,70%,70%,70%,60%,70%,75%,65%,75%,75%,70%,70%,70%,60%,70%,75%,65%,75%,75%,70%,70%,70%,60%,70%,65%,55%,65%,65%,60%,60%,60%,50%,60%,65%,55%,65%,65%,60%,60%,60%,50%,60%,65%,55%,65%,65%,60%,60%,60%,50%,60%,,,,,,,,,,,,,,,,,,,,,,,,,,,,,,,,,,,,,,,,,,,,
,Stabilized LTV (Max),N/A,N/A,N/A,N/A,N/A,N/A,N/A,N/A,N/A,75%,65%,75%,75%,70%,70%,70%,N/A,70%,75%,65%,75%,75%,70%,70%,70%,N/A,70%,N/A,N/A,N/A,N/A,N/A,N/A,N/A,N/A,N/A,65%,55%,65%,65%,60%,60%,60%,N/A,60%,65%,55%,65%,65%,60%,60%,60%,N/A,60%,,,,,,,,,,,,,,,,,,,,,,,,,,,,,,,,,,,,,,,,,,,,
,LTC (Max),N/A,N/A,N/A,N/A,N/A,N/A,N/A,N/A,N/A,75%,65%,75%,75%,70%,70%,70%,N/A,70%,75%,65%,75%,75%,70%,70%,70%,N/A,70%,N/A,N/A,N/A,N/A,N/A,N/A,N/A,N/A,N/A,65%,55%,65%,65%,60%,60%,60%,N/A,60%,65%,55%,65%,65%,60%,60%,60%,N/A,60%,,,,,,,,,,,,,,,,,,,,,,,,,,,,,,,,,,,,,,,,,,,,
,As-Is DSCR (Min),1.15x,1.30x,1.25x,1.20x,1.25x,1.25x,1.25x,N/A,1.30x,0.50x,0.50x,0.50x,0.50x,0.50x,0.50x,0.50x,N/A,0.50x,N/A,N/A,N/A,N/A,N/A,N/A,N/A,N/A,N/A,1.15x,1.30x,1.25x,1.20x,1.25x,1.25x,1.25x,N/A,1.30x,0.50x,0.50x,0.50x,0.50x,0.50x,0.50x,0.50x,N/A,0.50x,N/A,N/A,N/A,N/A,N/A,N/A,N/A,N/A,N/A,,,,,,,,,,,,,,,,,,,,,,,,,,,,,,,,,,,,,,,,,,,,
,Stabilized DSCR (Min),N/A,N/A,N/A,N/A,N/A,N/A,N/A,N/A,N/A,1.15x,1.30x,1.25x,1.20x,1.25x,1.25x,1.25x,N/A,1.30x,1.15x,1.30x,1.25x,1.20x,1.25x,1.25x,1.25x,N/A,1.30x,N/A,N/A,N/A,N/A,N/A,N/A,N/A,N/A,N/A,1.15x,1.30x,1.25x,1.20x,1.25x,1.25x,1.25x,N/A,1.30x,1.15x,1.30x,1.25x,1.20x,1.25x,1.25x,1.25x,N/A,1.30x,,,,,,,,,,,,,,,,,,,,,,,,,,,,,,,,,,,,,,,,,,,,
,As-Is DY (Min),N/A,N/A,N/A,N/A,N/A,N/A,N/A,N/A,N/A,N/A,N/A,N/A,N/A,N/A,N/A,N/A,N/A,N/A,N/A,N/A,N/A,N/A,N/A,N/A,N/A,N/A,N/A,N/A,N/A,N/A,N/A,N/A,N/A,N/A,N/A,N/A,N/A,N/A,N/A,N/A,N/A,N/A,N/A,N/A,N/A,N/A,N/A,N/A,N/A,N/A,N/A,N/A,N/A,N/A,,,,,,,,,,,,,,,,,,,,,,,,,,,,,,,,,,,,,,,,,,,,
,Stabilized DY (Min),N/A,N/A,N/A,N/A,N/A,N/A,N/A,N/A,N/A,N/A,N/A,N/A,N/A,N/A,N/A,N/A,N/A,N/A,N/A,N/A,N/A,N/A,N/A,N/A,N/A,N/A,N/A,N/A,N/A,N/A,N/A,N/A,N/A,N/A,N/A,N/A,N/A,N/A,N/A,N/A,N/A,N/A,N/A,N/A,N/A,N/A,N/A,N/A,N/A,N/A,N/A,N/A,N/A,N/A,,,,,,,,,,,,,,,,,,,,,,,,,,,,,,,,,,,,,,,,,,,,
,Interest Rate (Min),6.29%,6.79%,6.54%,6.29%,6.54%,6.54%,6.54%,6.79%,6.79%,7.31%,8.31%,7.81%,7.56%,7.81%,7.56%,7.56%,7.81%,7.81%,7.81%,7.81%,7.81%,7.81%,7.81%,7.81%,7.81%,7.81%,7.81%,6.29%,6.79%,6.54%,6.29%,6.54%,6.54%,6.54%,6.79%,6.79%,7.31%,8.31%,7.81%,7.56%,7.81%,7.56%,7.56%,7.81%,7.81%,7.81%,7.81%,7.81%,7.81%,7.81%,7.81%,7.81%,7.81%,7.81%,,,,,,,,,,,,,,,,,,,,,,,,,,,,,,,,,,,,,,,,,,,,
,Index ,UST 5 Year,UST 5 Year,UST 5 Year,UST 5 Year,UST 5 Year,UST 5 Year,UST 5 Year,UST 5 Year,UST 5 Year,SOFR,SOFR,SOFR,SOFR,SOFR,SOFR,SOFR,SOFR,SOFR,SOFR,SOFR,SOFR,SOFR,SOFR,SOFR,SOFR,SOFR,SOFR,UST 5 Year,UST 5 Year,UST 5 Year,UST 5 Year,UST 5 Year,UST 5 Year,UST 5 Year,UST 5 Year,UST 5 Year,SOFR,SOFR,SOFR,SOFR,SOFR,SOFR,SOFR,SOFR,SOFR,SOFR,SOFR,SOFR,SOFR,SOFR,SOFR,SOFR,SOFR,SOFR,,,,,,,,,,,,,,,,,,,,,,,,,,,,,,,,,,,,,,,,,,,,
,Index Rate,4.29%,4.29%,4.29%,4.29%,4.29%,4.29%,4.29%,4.29%,4.29%,5.31%,5.31%,5.31%,5.31%,5.31%,5.31%,5.31%,5.31%,5.31%,5.31%,5.31%,5.31%,5.31%,5.31%,5.31%,5.31%,5.31%,5.31%,4.29%,4.29%,4.29%,4.29%,4.29%,4.29%,4.29%,4.29%,4.29%,5.31%,5.31%,5.31%,5.31%,5.31%,5.31%,5.31%,5.31%,5.31%,5.31%,5.31%,5.31%,5.31%,5.31%,5.31%,5.31%,5.31%,5.31%,,,,,,,,,,,,,,,,,,,,,,,,,,,,,,,,,,,,,,,,,,,,
,Spread,2.00%,2.50%,2.25%,2.00%,2.25%,2.25%,2.25%,2.50%,2.50%,2.00%,3.00%,2.50%,2.25%,2.50%,2.25%,2.25%,2.50%,2.50%,2.50%,2.50%,2.50%,2.50%,2.50%,2.50%,2.50%,2.50%,2.50%,2.00%,2.50%,2.25%,2.00%,2.25%,2.25%,2.25%,2.50%,2.50%,2.00%,3.00%,2.50%,2.25%,2.50%,2.25%,2.25%,2.50%,2.50%,2.50%,2.50%,2.50%,2.50%,2.50%,2.50%,2.50%,2.50%,2.50%,,,,,,,,,,,,,,,,,,,,,,,,,,,,,,,,,,,,,,,,,,,,
,Interest Rate (Max),6.79%,7.29%,7.04%,6.79%,7.04%,7.04%,7.04%,7.29%,7.29%,7.81%,8.81%,8.31%,8.06%,8.31%,8.06%,8.06%,8.31%,8.31%,8.31%,8.31%,8.31%,8.31%,8.31%,8.31%,8.31%,8.31%,8.31%,6.79%,7.29%,7.04%,6.79%,7.04%,7.04%,7.04%,7.29%,7.29%,7.81%,8.81%,8.31%,8.06%,8.31%,8.06%,8.06%,8.31%,8.31%,8.31%,8.31%,8.31%,8.31%,8.31%,8.31%,8.31%,8.31%,8.31%,,,,,,,,,,,,,,,,,,,,,,,,,,,,,,,,,,,,,,,,,,,,
,Index ,UST 5 Year,UST 5 Year,UST 5 Year,UST 5 Year,UST 5 Year,UST 5 Year,UST 5 Year,UST 5 Year,UST 5 Year,SOFR,SOFR,SOFR,SOFR,SOFR,SOFR,SOFR,SOFR,SOFR,SOFR,SOFR,SOFR,SOFR,SOFR,SOFR,SOFR,SOFR,SOFR,UST 5 Year,UST 5 Year,UST 5 Year,UST 5 Year,UST 5 Year,UST 5 Year,UST 5 Year,UST 5 Year,UST 5 Year,SOFR,SOFR,SOFR,SOFR,SOFR,SOFR,SOFR,SOFR,SOFR,SOFR,SOFR,SOFR,SOFR,SOFR,SOFR,SOFR,SOFR,SOFR,,,,,,,,,,,,,,,,,,,,,,,,,,,,,,,,,,,,,,,,,,,,
,Index Rate,4.29%,4.29%,4.29%,4.29%,4.29%,4.29%,4.29%,4.29%,4.29%,5.31%,5.31%,5.31%,5.31%,5.31%,5.31%,5.31%,5.31%,5.31%,5.31%,5.31%,5.31%,5.31%,5.31%,5.31%,5.31%,5.31%,5.31%,4.29%,4.29%,4.29%,4.29%,4.29%,4.29%,4.29%,4.29%,4.29%,5.31%,5.31%,5.31%,5.31%,5.31%,5.31%,5.31%,5.31%,5.31%,5.31%,5.31%,5.31%,5.31%,5.31%,5.31%,5.31%,5.31%,5.31%,,,,,,,,,,,,,,,,,,,,,,,,,,,,,,,,,,,,,,,,,,,,
,Spread,2.50%,3.00%,2.75%,2.50%,2.75%,2.75%,2.75%,3.00%,3.00%,2.50%,3.50%,3.00%,2.75%,3.00%,2.75%,2.75%,3.00%,3.00%,3.00%,3.00%,3.00%,3.00%,3.00%,3.00%,3.00%,3.00%,3.00%,2.50%,3.00%,2.75%,2.50%,2.75%,2.75%,2.75%,3.00%,3.00%,2.50%,3.50%,3.00%,2.75%,3.00%,2.75%,2.75%,3.00%,3.00%,3.00%,3.00%,3.00%,3.00%,3.00%,3.00%,3.00%,3.00%,3.00%,,,,,,,,,,,,,,,,,,,,,,,,,,,,,,,,,,,,,,,,,,,,
,Term (Min),5,5,5,5,5,5,5,5,5,2,2,2,2,2,2,2,2,2,2,2,2,2,2,2,2,2,2,5,5,5,5,5,5,5,5,5,2,2,2,2,2,2,2,2,2,2,2,2,2,2,2,2,2,2,,,,,,,,,,,,,,,,,,,,,,,,,,,,,,,,,,,,,,,,,,,,
,Term (Max),10,10,10,10,10,10,10,10,10,5,5,5,5,5,5,5,5,5,5,5,5,5,5,5,5,5,5,10,10,10,10,10,10,10,10,10,5,5,5,5,5,5,5,5,5,5,5,5,5,5,5,5,5,5,,,,,,,,,,,,,,,,,,,,,,,,,,,,,,,,,,,,,,,,,,,,
,IO Period (Min),None,None,None,None,None,None,None,None,None,1,1,1,1,1,1,1,1,1,1,1,1,1,1,1,1,1,1,None,None,None,None,None,None,None,None,None,1,1,1,1,1,1,1,1,1,1,1,1,1,1,1,1,1,1,,,,,,,,,,,,,,,,,,,,,,,,,,,,,,,,,,,,,,,,,,,,
,IO Period (Max),None,None,None,None,None,None,None,None,None,3,3,3,3,3,3,3,3,3,3,3,3,3,3,3,3,3,3,None,None,None,None,None,None,None,None,None,3,3,3,3,3,3,3,3,3,3,3,3,3,3,3,3,3,3,,,,,,,,,,,,,,,,,,,,,,,,,,,,,,,,,,,,,,,,,,,,
,Amortization (Min),25,20,20,25,20,20,20,20,20,25,20,20,25,20,20,20,20,20,20,20,20,20,20,20,20,20,20,25,20,20,25,20,20,20,20,20,25,20,20,25,20,20,20,20,20,20,20,20,20,20,20,20,20,20,,,,,,,,,,,,,,,,,,,,,,,,,,,,,,,,,,,,,,,,,,,,
,Amortization (Max),30,25,25,30,25,25,25,25,25,30,25,25,30,25,25,25,25,25,25,25,25,25,25,25,25,25,25,30,25,25,30,25,25,25,25,25,30,25,25,30,25,25,25,25,25,25,25,25,25,25,25,25,25,25,,,,,,,,,,,,,,,,,,,,,,,,,,,,,,,,,,,,,,,,,,,,
,Prepayment Penalty,Step Down,Step Down,Step Down,Step Down,Step Down,Step Down,Step Down,Step Down,Step Down,Step Down,Step Down,Step Down,Step Down,Step Down,Step Down,Step Down,Step Down,Step Down,Step Down,Step Down,Step Down,Step Down,Step Down,Step Down,Step Down,Step Down,Step Down,Step Down,Step Down,Step Down,Step Down,Step Down,Step Down,Step Down,Step Down,Step Down,Step Down,Step Down,Step Down,Step Down,Step Down,Step Down,Step Down,Step Down,Step Down,Step Down,Step Down,Step Down,Step Down,Step Down,Step Down,Step Down,Step Down,Step Down,,,,,,,,,,,,,,,,,,,,,,,,,,,,,,,,,,,,,,,,,,,,
,Fee,0.50% - 1.00%,0.50% - 1.00%,0.50% - 1.00%,0.50% - 1.00%,0.50% - 1.00%,0.50% - 1.00%,0.50% - 1.00%,0.50% - 1.00%,0.50% - 1.00%,0.50% - 1.00%,0.50% - 1.00%,0.50% - 1.00%,0.50% - 1.00%,0.50% - 1.00%,0.50% - 1.00%,0.50% - 1.00%,0.50% - 1.00%,0.50% - 1.00%,0.50% - 1.00%,0.50% - 1.00%,0.50% - 1.00%,0.50% - 1.00%,0.50% - 1.00%,0.50% - 1.00%,0.50% - 1.00%,0.50% - 1.00%,0.50% - 1.00%,0.50% - 1.00%,0.50% - 1.00%,0.50% - 1.00%,0.50% - 1.00%,0.50% - 1.00%,0.50% - 1.00%,0.50% - 1.00%,0.50% - 1.00%,0.50% - 1.00%,0.50% - 1.00%,0.50% - 1.00%,0.50% - 1.00%,0.50% - 1.00%,0.50% - 1.00%,0.50% - 1.00%,0.50% - 1.00%,0.50% - 1.00%,0.50% - 1.00%,0.50% - 1.00%,0.50% - 1.00%,0.50% - 1.00%,0.50% - 1.00%,0.50% - 1.00%,0.50% - 1.00%,0.50% - 1.00%,0.50% - 1.00%,0.50% - 1.00%,,,,,,,,,,,,,,,,,,,,,,,,,,,,,,,,,,,,,,,,,,,,
,,,,,,,,,,,,,,,,,,,,,,,,,,,,,,,,,,,,,,,,,,,,,,,,,,,,,,,,,,,,,,,,,,,,,,,,,,,,,,,,,,,,,,,,,,,,,,,,,,,
,,,,,,,,,,,,,,,,,,,,,,,,,,,,,,,,,,,,,,,,,,,,,,,,,,,,,,,,,,,,,,,,,,,,,,,,,,,,,,,,,,,,,,,,,,,,,,,,,,,
,Execution,Credit Union,Credit Union,Credit Union,Credit Union,Credit Union,Credit Union,Credit Union,Credit Union,Credit Union,Credit Union,Credit Union,Credit Union,Credit Union,Credit Union,Credit Union,Credit Union,Credit Union,Credit Union,Credit Union,Credit Union,Credit Union,Credit Union,Credit Union,Credit Union,Credit Union,Credit Union,Credit Union,Credit Union,Credit Union,Credit Union,Credit Union,Credit Union,Credit Union,Credit Union,Credit Union,Credit Union,Credit Union,Credit Union,Credit Union,Credit Union,Credit Union,Credit Union,Credit Union,Credit Union,Credit Union,Credit Union,Credit Union,Credit Union,Credit Union,Credit Union,Credit Union,Credit Union,Credit Union,Credit Union,,,,,,,,,,,,,,,,,,,,,,,,,,,,,,,,,,,,,,,,,,,,
,Loan Type,Permanent,Permanent,Permanent,Permanent,Permanent,Permanent,Permanent,Permanent,Permanent,Bridge,Bridge,Bridge,Bridge,Bridge,Bridge,Bridge,Bridge,Bridge,Construction,Construction,Construction,Construction,Construction,Construction,Construction,Construction,Construction,Permanent,Permanent,Permanent,Permanent,Permanent,Permanent,Permanent,Permanent,Permanent,Bridge,Bridge,Bridge,Bridge,Bridge,Bridge,Bridge,Bridge,Bridge,Construction,Construction,Construction,Construction,Construction,Construction,Construction,Construction,Construction,,,,,,,,,,,,,,,,,,,,,,,,,,,,,,,,,,,,,,,,,,,,
,Asset Type,Multi,Office,Retail,Industrial,Hospitality,Senior Housing,SFR,Land,Specialty,Multi,Office,Retail,Industrial,Hospitality,Senior Housing,SFR,Land,Specialty,Multi,Office,Retail,Industrial,Hospitality,Senior Housing,SFR,Land,Specialty,Multi,Office,Retail,Industrial,Hospitality,Senior Housing,SFR,Land,Specialty,Multi,Office,Retail,Industrial,Hospitality,Senior Housing,SFR,Land,Specialty,Multi,Office,Retail,Industrial,Hospitality,Senior Housing,SFR,Land,Specialty,,,,,,,,,,,,,,,,,,,,,,,,,,,,,,,,,,,,,,,,,,,,
,Recourse,Recourse,Recourse,Recourse,Recourse,Recourse,Recourse,Recourse,Recourse,Recourse,Recourse,Recourse,Recourse,Recourse,Recourse,Recourse,Recourse,Recourse,Recourse,Recourse,Recourse,Recourse,Recourse,Recourse,Recourse,Recourse,Recourse,Recourse,Non-recourse,Non-recourse,Non-recourse,Non-recourse,Non-recourse,Non-recourse,Non-recourse,Non-recourse,Non-recourse,Non-recourse,Non-recourse,Non-recourse,Non-recourse,Non-recourse,Non-recourse,Non-recourse,Non-recourse,Non-recourse,Non-recourse,Non-recourse,Non-recourse,Non-recourse,Non-recourse,Non-recourse,Non-recourse,Non-recourse,Non-recourse,,,,,,,,,,,,,,,,,,,,,,,,,,,,,,,,,,,,,,,,,,,,
,As-Is LTV (Max),75%,65%,75%,75%,70%,70%,70%,60%,70%,75%,65%,75%,75%,70%,70%,70%,60%,70%,75%,65%,75%,75%,70%,70%,70%,60%,70%,65%,55%,65%,65%,60%,60%,60%,50%,60%,65%,55%,65%,65%,60%,60%,60%,50%,60%,65%,55%,65%,65%,60%,60%,60%,50%,60%,,,,,,,,,,,,,,,,,,,,,,,,,,,,,,,,,,,,,,,,,,,,
,Stabilized LTV (Max),N/A,N/A,N/A,N/A,N/A,N/A,N/A,N/A,N/A,75%,65%,75%,75%,70%,70%,70%,N/A,70%,75%,65%,75%,75%,70%,70%,70%,N/A,70%,N/A,N/A,N/A,N/A,N/A,N/A,N/A,N/A,N/A,65%,55%,65%,65%,60%,60%,60%,N/A,60%,65%,55%,65%,65%,60%,60%,60%,N/A,60%,,,,,,,,,,,,,,,,,,,,,,,,,,,,,,,,,,,,,,,,,,,,
,LTC (Max),N/A,N/A,N/A,N/A,N/A,N/A,N/A,N/A,N/A,75%,65%,75%,75%,70%,70%,70%,N/A,70%,75%,65%,75%,75%,70%,70%,70%,N/A,70%,N/A,N/A,N/A,N/A,N/A,N/A,N/A,N/A,N/A,65%,55%,65%,65%,60%,60%,60%,N/A,60%,65%,55%,65%,65%,60%,60%,60%,N/A,60%,,,,,,,,,,,,,,,,,,,,,,,,,,,,,,,,,,,,,,,,,,,,
,As-Is DSCR (Min),1.15x,1.30x,1.25x,1.20x,1.25x,1.25x,1.25x,N/A,1.30x,0.50x,0.50x,0.50x,0.50x,0.50x,0.50x,0.50x,N/A,0.50x,N/A,N/A,N/A,N/A,N/A,N/A,N/A,N/A,N/A,1.15x,1.30x,1.25x,1.20x,1.25x,1.25x,1.25x,N/A,1.30x,0.50x,0.50x,0.50x,0.50x,0.50x,0.50x,0.50x,N/A,0.50x,N/A,N/A,N/A,N/A,N/A,N/A,N/A,N/A,N/A,,,,,,,,,,,,,,,,,,,,,,,,,,,,,,,,,,,,,,,,,,,,
,Stabilized DSCR (Min),N/A,N/A,N/A,N/A,N/A,N/A,N/A,N/A,N/A,1.15x,1.30x,1.25x,1.20x,1.25x,1.25x,1.25x,N/A,1.30x,1.15x,1.30x,1.25x,1.20x,1.25x,1.25x,1.25x,N/A,1.30x,N/A,N/A,N/A,N/A,N/A,N/A,N/A,N/A,N/A,1.15x,1.30x,1.25x,1.20x,1.25x,1.25x,1.25x,N/A,1.30x,1.15x,1.30x,1.25x,1.20x,1.25x,1.25x,1.25x,N/A,1.30x,,,,,,,,,,,,,,,,,,,,,,,,,,,,,,,,,,,,,,,,,,,,
,As-Is DY (Min),N/A,N/A,N/A,N/A,N/A,N/A,N/A,N/A,N/A,N/A,N/A,N/A,N/A,N/A,N/A,N/A,N/A,N/A,N/A,N/A,N/A,N/A,N/A,N/A,N/A,N/A,N/A,N/A,N/A,N/A,N/A,N/A,N/A,N/A,N/A,N/A,N/A,N/A,N/A,N/A,N/A,N/A,N/A,N/A,N/A,N/A,N/A,N/A,N/A,N/A,N/A,N/A,N/A,N/A,,,,,,,,,,,,,,,,,,,,,,,,,,,,,,,,,,,,,,,,,,,,
,Stabilized DY (Min),N/A,N/A,N/A,N/A,N/A,N/A,N/A,N/A,N/A,N/A,N/A,N/A,N/A,N/A,N/A,N/A,N/A,N/A,N/A,N/A,N/A,N/A,N/A,N/A,N/A,N/A,N/A,N/A,N/A,N/A,N/A,N/A,N/A,N/A,N/A,N/A,N/A,N/A,N/A,N/A,N/A,N/A,N/A,N/A,N/A,N/A,N/A,N/A,N/A,N/A,N/A,N/A,N/A,N/A,,,,,,,,,,,,,,,,,,,,,,,,,,,,,,,,,,,,,,,,,,,,
,Interest Rate (Min),6.29%,6.79%,6.54%,6.29%,6.54%,6.54%,6.54%,6.79%,6.79%,7.31%,8.31%,7.81%,7.56%,7.81%,7.56%,7.56%,7.81%,7.81%,7.81%,7.81%,7.81%,7.81%,7.81%,7.81%,7.81%,7.81%,7.81%,6.29%,6.79%,6.54%,6.29%,6.54%,6.54%,6.54%,6.79%,6.79%,7.31%,8.31%,7.81%,7.56%,7.81%,7.56%,7.56%,7.81%,7.81%,7.81%,7.81%,7.81%,7.81%,7.81%,7.81%,7.81%,7.81%,7.81%,,,,,,,,,,,,,,,,,,,,,,,,,,,,,,,,,,,,,,,,,,,,
,Index ,UST 5 Year,UST 5 Year,UST 5 Year,UST 5 Year,UST 5 Year,UST 5 Year,UST 5 Year,UST 5 Year,UST 5 Year,SOFR,SOFR,SOFR,SOFR,SOFR,SOFR,SOFR,SOFR,SOFR,SOFR,SOFR,SOFR,SOFR,SOFR,SOFR,SOFR,SOFR,SOFR,UST 5 Year,UST 5 Year,UST 5 Year,UST 5 Year,UST 5 Year,UST 5 Year,UST 5 Year,UST 5 Year,UST 5 Year,SOFR,SOFR,SOFR,SOFR,SOFR,SOFR,SOFR,SOFR,SOFR,SOFR,SOFR,SOFR,SOFR,SOFR,SOFR,SOFR,SOFR,SOFR,,,,,,,,,,,,,,,,,,,,,,,,,,,,,,,,,,,,,,,,,,,,
,Index Rate,4.29%,4.29%,4.29%,4.29%,4.29%,4.29%,4.29%,4.29%,4.29%,5.31%,5.31%,5.31%,5.31%,5.31%,5.31%,5.31%,5.31%,5.31%,5.31%,5.31%,5.31%,5.31%,5.31%,5.31%,5.31%,5.31%,5.31%,4.29%,4.29%,4.29%,4.29%,4.29%,4.29%,4.29%,4.29%,4.29%,5.31%,5.31%,5.31%,5.31%,5.31%,5.31%,5.31%,5.31%,5.31%,5.31%,5.31%,5.31%,5.31%,5.31%,5.31%,5.31%,5.31%,5.31%,,,,,,,,,,,,,,,,,,,,,,,,,,,,,,,,,,,,,,,,,,,,
,Spread,2.00%,2.50%,2.25%,2.00%,2.25%,2.25%,2.25%,2.50%,2.50%,2.00%,3.00%,2.50%,2.25%,2.50%,2.25%,2.25%,2.50%,2.50%,2.50%,2.50%,2.50%,2.50%,2.50%,2.50%,2.50%,2.50%,2.50%,2.00%,2.50%,2.25%,2.00%,2.25%,2.25%,2.25%,2.50%,2.50%,2.00%,3.00%,2.50%,2.25%,2.50%,2.25%,2.25%,2.50%,2.50%,2.50%,2.50%,2.50%,2.50%,2.50%,2.50%,2.50%,2.50%,2.50%,,,,,,,,,,,,,,,,,,,,,,,,,,,,,,,,,,,,,,,,,,,,
,Interest Rate (Max),6.79%,7.29%,7.04%,6.79%,7.04%,7.04%,7.04%,7.29%,7.29%,7.81%,8.81%,8.31%,8.06%,8.31%,8.06%,8.06%,8.31%,8.31%,8.31%,8.31%,8.31%,8.31%,8.31%,8.31%,8.31%,8.31%,8.31%,6.79%,7.29%,7.04%,6.79%,7.04%,7.04%,7.04%,7.29%,7.29%,7.81%,8.81%,8.31%,8.06%,8.31%,8.06%,8.06%,8.31%,8.31%,8.31%,8.31%,8.31%,8.31%,8.31%,8.31%,8.31%,8.31%,8.31%,,,,,,,,,,,,,,,,,,,,,,,,,,,,,,,,,,,,,,,,,,,,
,Index ,UST 5 Year,UST 5 Year,UST 5 Year,UST 5 Year,UST 5 Year,UST 5 Year,UST 5 Year,UST 5 Year,UST 5 Year,SOFR,SOFR,SOFR,SOFR,SOFR,SOFR,SOFR,SOFR,SOFR,SOFR,SOFR,SOFR,SOFR,SOFR,SOFR,SOFR,SOFR,SOFR,UST 5 Year,UST 5 Year,UST 5 Year,UST 5 Year,UST 5 Year,UST 5 Year,UST 5 Year,UST 5 Year,UST 5 Year,SOFR,SOFR,SOFR,SOFR,SOFR,SOFR,SOFR,SOFR,SOFR,SOFR,SOFR,SOFR,SOFR,SOFR,SOFR,SOFR,SOFR,SOFR,,,,,,,,,,,,,,,,,,,,,,,,,,,,,,,,,,,,,,,,,,,,
,Index Rate,4.29%,4.29%,4.29%,4.29%,4.29%,4.29%,4.29%,4.29%,4.29%,5.31%,5.31%,5.31%,5.31%,5.31%,5.31%,5.31%,5.31%,5.31%,5.31%,5.31%,5.31%,5.31%,5.31%,5.31%,5.31%,5.31%,5.31%,4.29%,4.29%,4.29%,4.29%,4.29%,4.29%,4.29%,4.29%,4.29%,5.31%,5.31%,5.31%,5.31%,5.31%,5.31%,5.31%,5.31%,5.31%,5.31%,5.31%,5.31%,5.31%,5.31%,5.31%,5.31%,5.31%,5.31%,,,,,,,,,,,,,,,,,,,,,,,,,,,,,,,,,,,,,,,,,,,,
,Spread,2.50%,3.00%,2.75%,2.50%,2.75%,2.75%,2.75%,3.00%,3.00%,2.50%,3.50%,3.00%,2.75%,3.00%,2.75%,2.75%,3.00%,3.00%,3.00%,3.00%,3.00%,3.00%,3.00%,3.00%,3.00%,3.00%,3.00%,2.50%,3.00%,2.75%,2.50%,2.75%,2.75%,2.75%,3.00%,3.00%,2.50%,3.50%,3.00%,2.75%,3.00%,2.75%,2.75%,3.00%,3.00%,3.00%,3.00%,3.00%,3.00%,3.00%,3.00%,3.00%,3.00%,3.00%,,,,,,,,,,,,,,,,,,,,,,,,,,,,,,,,,,,,,,,,,,,,
,Term (Min),5,5,5,5,5,5,5,5,5,2,2,2,2,2,2,2,2,2,2,2,2,2,2,2,2,2,2,5,5,5,5,5,5,5,5,5,2,2,2,2,2,2,2,2,2,2,2,2,2,2,2,2,2,2,,,,,,,,,,,,,,,,,,,,,,,,,,,,,,,,,,,,,,,,,,,,
,Term (Max),10,10,10,10,10,10,10,10,10,5,5,5,5,5,5,5,5,5,5,5,5,5,5,5,5,5,5,10,10,10,10,10,10,10,10,10,5,5,5,5,5,5,5,5,5,5,5,5,5,5,5,5,5,5,,,,,,,,,,,,,,,,,,,,,,,,,,,,,,,,,,,,,,,,,,,,
,IO Period (Min),None,None,None,None,None,None,None,None,None,1,1,1,1,1,1,1,1,1,1,1,1,1,1,1,1,1,1,None,None,None,None,None,None,None,None,None,1,1,1,1,1,1,1,1,1,1,1,1,1,1,1,1,1,1,,,,,,,,,,,,,,,,,,,,,,,,,,,,,,,,,,,,,,,,,,,,
,IO Period (Max),None,None,None,None,None,None,None,None,None,3,3,3,3,3,3,3,3,3,3,3,3,3,3,3,3,3,3,None,None,None,None,None,None,None,None,None,3,3,3,3,3,3,3,3,3,3,3,3,3,3,3,3,3,3,,,,,,,,,,,,,,,,,,,,,,,,,,,,,,,,,,,,,,,,,,,,
,Amortization (Min),25,20,20,25,20,20,20,20,20,25,20,20,25,20,20,20,20,20,20,20,20,20,20,20,20,20,20,25,20,20,25,20,20,20,20,20,25,20,20,25,20,20,20,20,20,20,20,20,20,20,20,20,20,20,,,,,,,,,,,,,,,,,,,,,,,,,,,,,,,,,,,,,,,,,,,,
,Amortization (Max),30,25,25,30,25,25,25,25,25,30,25,25,30,25,25,25,25,25,25,25,25,25,25,25,25,25,25,30,25,25,30,25,25,25,25,25,30,25,25,30,25,25,25,25,25,25,25,25,25,25,25,25,25,25,,,,,,,,,,,,,,,,,,,,,,,,,,,,,,,,,,,,,,,,,,,,
,Prepayment Penalty,No Prepayment,No Prepayment,No Prepayment,No Prepayment,No Prepayment,No Prepayment,No Prepayment,No Prepayment,No Prepayment,No Prepayment,No Prepayment,No Prepayment,No Prepayment,No Prepayment,No Prepayment,No Prepayment,No Prepayment,No Prepayment,No Prepayment,No Prepayment,No Prepayment,No Prepayment,No Prepayment,No Prepayment,No Prepayment,No Prepayment,No Prepayment,No Prepayment,No Prepayment,No Prepayment,No Prepayment,No Prepayment,No Prepayment,No Prepayment,No Prepayment,No Prepayment,No Prepayment,No Prepayment,No Prepayment,No Prepayment,No Prepayment,No Prepayment,No Prepayment,No Prepayment,No Prepayment,No Prepayment,No Prepayment,No Prepayment,No Prepayment,No Prepayment,No Prepayment,No Prepayment,No Prepayment,No Prepayment,,,,,,,,,,,,,,,,,,,,,,,,,,,,,,,,,,,,,,,,,,,,
,Fee,0.50% - 1.00%,0.50% - 1.00%,0.50% - 1.00%,0.50% - 1.00%,0.50% - 1.00%,0.50% - 1.00%,0.50% - 1.00%,0.50% - 1.00%,0.50% - 1.00%,0.50% - 1.00%,0.50% - 1.00%,0.50% - 1.00%,0.50% - 1.00%,0.50% - 1.00%,0.50% - 1.00%,0.50% - 1.00%,0.50% - 1.00%,0.50% - 1.00%,0.50% - 1.00%,0.50% - 1.00%,0.50% - 1.00%,0.50% - 1.00%,0.50% - 1.00%,0.50% - 1.00%,0.50% - 1.00%,0.50% - 1.00%,0.50% - 1.00%,0.50% - 1.00%,0.50% - 1.00%,0.50% - 1.00%,0.50% - 1.00%,0.50% - 1.00%,0.50% - 1.00%,0.50% - 1.00%,0.50% - 1.00%,0.50% - 1.00%,0.50% - 1.00%,0.50% - 1.00%,0.50% - 1.00%,0.50% - 1.00%,0.50% - 1.00%,0.50% - 1.00%,0.50% - 1.00%,0.50% - 1.00%,0.50% - 1.00%,0.50% - 1.00%,0.50% - 1.00%,0.50% - 1.00%,0.50% - 1.00%,0.50% - 1.00%,0.50% - 1.00%,0.50% - 1.00%,0.50% - 1.00%,0.50% - 1.00%,,,,,,,,,,,,,,,,,,,,,,,,,,,,,,,,,,,,,,,,,,,,
,,,,,,,,,,,,,,,,,,,,,,,,,,,,,,,,,,,,,,,,,,,,,,,,,,,,,,,,,,,,,,,,,,,,,,,,,,,,,,,,,,,,,,,,,,,,,,,,,,,
,,,,,,,,,,,,,,,,,,,,,,,,,,,,,,,,,,,,,,,,,,,,,,,,,,,,,,,,,,,,,,,,,,,,,,,,,,,,,,,,,,,,,,,,,,,,,,,,,,,
,Execution,Debt Fund,Debt Fund,Debt Fund,Debt Fund,Debt Fund,Debt Fund,Debt Fund,Debt Fund,Debt Fund,Debt Fund,Debt Fund,Debt Fund,Debt Fund,Debt Fund,Debt Fund,Debt Fund,Debt Fund,Debt Fund,Debt Fund,Debt Fund,Debt Fund,Debt Fund,Debt Fund,Debt Fund,Debt Fund,Debt Fund,Debt Fund,Debt Fund,Debt Fund,Debt Fund,Debt Fund,Debt Fund,Debt Fund,Debt Fund,Debt Fund,Debt Fund,Debt Fund,Debt Fund,Debt Fund,Debt Fund,Debt Fund,Debt Fund,Debt Fund,Debt Fund,Debt Fund,Debt Fund,Debt Fund,Debt Fund,Debt Fund,Debt Fund,Debt Fund,Debt Fund,Debt Fund,Debt Fund,,,,,,,,,,,,,,,,,,,,,,,,,,,,,,,,,,,,,,,,,,,,
,Loan Type,Permanent,Permanent,Permanent,Permanent,Permanent,Permanent,Permanent,Permanent,Permanent,Bridge,Bridge,Bridge,Bridge,Bridge,Bridge,Bridge,Bridge,Bridge,Construction,Construction,Construction,Construction,Construction,Construction,Construction,Construction,Construction,Permanent,Permanent,Permanent,Permanent,Permanent,Permanent,Permanent,Permanent,Permanent,Bridge,Bridge,Bridge,Bridge,Bridge,Bridge,Bridge,Bridge,Bridge,Construction,Construction,Construction,Construction,Construction,Construction,Construction,Construction,Construction,,,,,,,,,,,,,,,,,,,,,,,,,,,,,,,,,,,,,,,,,,,,
,Asset Type,Multi,Office,Retail,Industrial,Hospitality,Senior Housing,SFR,Land,Specialty,Multi,Office,Retail,Industrial,Hospitality,Senior Housing,SFR,Land,Specialty,Multi,Office,Retail,Industrial,Hospitality,Senior Housing,SFR,Land,Specialty,Multi,Office,Retail,Industrial,Hospitality,Senior Housing,SFR,Land,Specialty,Multi,Office,Retail,Industrial,Hospitality,Senior Housing,SFR,Land,Specialty,Multi,Office,Retail,Industrial,Hospitality,Senior Housing,SFR,Land,Specialty,,,,,,,,,,,,,,,,,,,,,,,,,,,,,,,,,,,,,,,,,,,,
,Recourse,Recourse,Recourse,Recourse,Recourse,Recourse,Recourse,Recourse,Recourse,Recourse,Recourse,Recourse,Recourse,Recourse,Recourse,Recourse,Recourse,Recourse,Recourse,Recourse,Recourse,Recourse,Recourse,Recourse,Recourse,Recourse,Recourse,Recourse,Non-recourse,Non-recourse,Non-recourse,Non-recourse,Non-recourse,Non-recourse,Non-recourse,Non-recourse,Non-recourse,Non-recourse,Non-recourse,Non-recourse,Non-recourse,Non-recourse,Non-recourse,Non-recourse,Non-recourse,Non-recourse,Non-recourse,Non-recourse,Non-recourse,Non-recourse,Non-recourse,Non-recourse,Non-recourse,Non-recourse,Non-recourse,,,,,,,,,,,,,,,,,,,,,,,,,,,,,,,,,,,,,,,,,,,,
,As-Is LTV (Max),N/A,N/A,N/A,N/A,N/A,N/A,N/A,N/A,N/A,N/A,N/A,N/A,N/A,N/A,N/A,N/A,N/A,N/A,N/A,N/A,N/A,N/A,N/A,N/A,N/A,N/A,N/A,80%,65%,75%,80%,70%,70%,70%,60%,70%,75%,65%,75%,75%,70%,70%,70%,60%,70%,75%,65%,75%,75%,70%,70%,70%,60%,70%,,,,,,,,,,,,,,,,,,,,,,,,,,,,,,,,,,,,,,,,,,,,
,Stabilized LTV (Max),N/A,N/A,N/A,N/A,N/A,N/A,N/A,N/A,N/A,N/A,N/A,N/A,N/A,N/A,N/A,N/A,N/A,N/A,N/A,N/A,N/A,N/A,N/A,N/A,N/A,N/A,N/A,N/A,N/A,N/A,N/A,N/A,N/A,N/A,N/A,N/A,75%,65%,75%,75%,70%,70%,70%,N/A,70%,75%,65%,75%,75%,70%,70%,70%,N/A,70%,,,,,,,,,,,,,,,,,,,,,,,,,,,,,,,,,,,,,,,,,,,,
,LTC (Max),N/A,N/A,N/A,N/A,N/A,N/A,N/A,N/A,N/A,N/A,N/A,N/A,N/A,N/A,N/A,N/A,N/A,N/A,N/A,N/A,N/A,N/A,N/A,N/A,N/A,N/A,N/A,N/A,N/A,N/A,N/A,N/A,N/A,N/A,N/A,N/A,75%,65%,75%,75%,70%,70%,70%,N/A,70%,75%,65%,75%,75%,70%,70%,70%,N/A,70%,,,,,,,,,,,,,,,,,,,,,,,,,,,,,,,,,,,,,,,,,,,,
,As-Is DSCR (Min),N/A,N/A,N/A,N/A,N/A,N/A,N/A,N/A,N/A,N/A,N/A,N/A,N/A,N/A,N/A,N/A,N/A,N/A,N/A,N/A,N/A,N/A,N/A,N/A,N/A,N/A,N/A,1.15x,1.30x,1.25x,1.20x,1.25x,1.25x,1.25x,N/A,1.30x,0.50x,0.50x,0.50x,0.50x,0.50x,0.50x,0.50x,N/A,0.50x,N/A,N/A,N/A,N/A,N/A,N/A,N/A,N/A,N/A,,,,,,,,,,,,,,,,,,,,,,,,,,,,,,,,,,,,,,,,,,,,
,Stabilized DSCR (Min),N/A,N/A,N/A,N/A,N/A,N/A,N/A,N/A,N/A,N/A,N/A,N/A,N/A,N/A,N/A,N/A,N/A,N/A,N/A,N/A,N/A,N/A,N/A,N/A,N/A,N/A,N/A,N/A,N/A,N/A,N/A,N/A,N/A,N/A,N/A,N/A,1.15x,1.30x,1.25x,1.20x,1.25x,1.25x,1.25x,N/A,1.30x,1.15x,1.30x,1.25x,1.20x,1.25x,1.25x,1.25x,N/A,1.30x,,,,,,,,,,,,,,,,,,,,,,,,,,,,,,,,,,,,,,,,,,,,
,As-Is DY (Min),N/A,N/A,N/A,N/A,N/A,N/A,N/A,N/A,N/A,N/A,N/A,N/A,N/A,N/A,N/A,N/A,N/A,N/A,N/A,N/A,N/A,N/A,N/A,N/A,N/A,N/A,N/A,N/A,N/A,N/A,N/A,N/A,N/A,N/A,N/A,N/A,N/A,N/A,N/A,N/A,N/A,N/A,N/A,N/A,N/A,N/A,N/A,N/A,N/A,N/A,N/A,N/A,N/A,N/A,,,,,,,,,,,,,,,,,,,,,,,,,,,,,,,,,,,,,,,,,,,,
,Stabilized DY (Min),N/A,N/A,N/A,N/A,N/A,N/A,N/A,N/A,N/A,N/A,N/A,N/A,N/A,N/A,N/A,N/A,N/A,N/A,N/A,N/A,N/A,N/A,N/A,N/A,N/A,N/A,N/A,N/A,N/A,N/A,N/A,N/A,N/A,N/A,N/A,N/A,N/A,N/A,N/A,N/A,N/A,N/A,N/A,N/A,N/A,N/A,N/A,N/A,N/A,N/A,N/A,N/A,N/A,N/A,,,,,,,,,,,,,,,,,,,,,,,,,,,,,,,,,,,,,,,,,,,,
,Interest Rate (Min),N/A,N/A,N/A,N/A,N/A,N/A,N/A,N/A,N/A,N/A,N/A,N/A,N/A,N/A,N/A,N/A,N/A,N/A,N/A,N/A,N/A,N/A,N/A,N/A,N/A,N/A,N/A,6.54%,7.04%,6.79%,6.54%,6.79%,6.79%,6.79%,7.04%,7.04%,8.56%,11.56%,10.56%,9.06%,10.56%,10.56%,10.56%,11.56%,10.56%,8.81%,11.81%,10.81%,9.31%,10.81%,10.81%,10.81%,11.81%,10.81%,,,,,,,,,,,,,,,,,,,,,,,,,,,,,,,,,,,,,,,,,,,,
,Index ,N/A,N/A,N/A,N/A,N/A,N/A,N/A,N/A,N/A,N/A,N/A,N/A,N/A,N/A,N/A,N/A,N/A,N/A,N/A,N/A,N/A,N/A,N/A,N/A,N/A,N/A,N/A,UST 5 Year,UST 5 Year,UST 5 Year,UST 5 Year,UST 5 Year,UST 5 Year,UST 5 Year,UST 5 Year,UST 5 Year,SOFR,SOFR,SOFR,SOFR,SOFR,SOFR,SOFR,SOFR,SOFR,SOFR,SOFR,SOFR,SOFR,SOFR,SOFR,SOFR,SOFR,SOFR,,,,,,,,,,,,,,,,,,,,,,,,,,,,,,,,,,,,,,,,,,,,
,Index Rate,N/A,N/A,N/A,N/A,N/A,N/A,N/A,N/A,N/A,N/A,N/A,N/A,N/A,N/A,N/A,N/A,N/A,N/A,N/A,N/A,N/A,N/A,N/A,N/A,N/A,N/A,N/A,4.29%,4.29%,4.29%,4.29%,4.29%,4.29%,4.29%,4.29%,4.29%,5.31%,5.31%,5.31%,5.31%,5.31%,5.31%,5.31%,5.31%,5.31%,5.31%,5.31%,5.31%,5.31%,5.31%,5.31%,5.31%,5.31%,5.31%,,,,,,,,,,,,,,,,,,,,,,,,,,,,,,,,,,,,,,,,,,,,
,Spread,N/A,N/A,N/A,N/A,N/A,N/A,N/A,N/A,N/A,N/A,N/A,N/A,N/A,N/A,N/A,N/A,N/A,N/A,N/A,N/A,N/A,N/A,N/A,N/A,N/A,N/A,N/A,2.25%,2.75%,2.50%,2.25%,2.50%,2.50%,2.50%,2.75%,2.75%,3.25%,6.25%,5.25%,3.75%,5.25%,5.25%,5.25%,6.25%,5.25%,3.50%,6.50%,5.50%,4.00%,5.50%,5.50%,5.50%,6.50%,5.50%,,,,,,,,,,,,,,,,,,,,,,,,,,,,,,,,,,,,,,,,,,,,
,Interest Rate (Max),N/A,N/A,N/A,N/A,N/A,N/A,N/A,N/A,N/A,N/A,N/A,N/A,N/A,N/A,N/A,N/A,N/A,N/A,N/A,N/A,N/A,N/A,N/A,N/A,N/A,N/A,N/A,7.04%,7.54%,7.29%,7.04%,7.29%,7.29%,7.29%,7.54%,7.54%,9.06%,12.06%,11.06%,9.56%,11.06%,11.06%,11.06%,12.06%,11.06%,9.31%,12.31%,11.31%,9.81%,11.31%,11.31%,11.31%,12.31%,11.31%,,,,,,,,,,,,,,,,,,,,,,,,,,,,,,,,,,,,,,,,,,,,
,Index ,N/A,N/A,N/A,N/A,N/A,N/A,N/A,N/A,N/A,N/A,N/A,N/A,N/A,N/A,N/A,N/A,N/A,N/A,N/A,N/A,N/A,N/A,N/A,N/A,N/A,N/A,N/A,UST 5 Year,UST 5 Year,UST 5 Year,UST 5 Year,UST 5 Year,UST 5 Year,UST 5 Year,UST 5 Year,UST 5 Year,SOFR,SOFR,SOFR,SOFR,SOFR,SOFR,SOFR,SOFR,SOFR,SOFR,SOFR,SOFR,SOFR,SOFR,SOFR,SOFR,SOFR,SOFR,,,,,,,,,,,,,,,,,,,,,,,,,,,,,,,,,,,,,,,,,,,,
,Index Rate,N/A,N/A,N/A,N/A,N/A,N/A,N/A,N/A,N/A,N/A,N/A,N/A,N/A,N/A,N/A,N/A,N/A,N/A,N/A,N/A,N/A,N/A,N/A,N/A,N/A,N/A,N/A,4.29%,4.29%,4.29%,4.29%,4.29%,4.29%,4.29%,4.29%,4.29%,5.31%,5.31%,5.31%,5.31%,5.31%,5.31%,5.31%,5.31%,5.31%,5.31%,5.31%,5.31%,5.31%,5.31%,5.31%,5.31%,5.31%,5.31%,,,,,,,,,,,,,,,,,,,,,,,,,,,,,,,,,,,,,,,,,,,,
,Spread,N/A,N/A,N/A,N/A,N/A,N/A,N/A,N/A,N/A,N/A,N/A,N/A,N/A,N/A,N/A,N/A,N/A,N/A,N/A,N/A,N/A,N/A,N/A,N/A,N/A,N/A,N/A,2.75%,3.25%,3.00%,2.75%,3.00%,3.00%,3.00%,3.25%,3.25%,3.75%,6.75%,5.75%,4.25%,5.75%,5.75%,5.75%,6.75%,5.75%,4.00%,7.00%,6.00%,4.50%,6.00%,6.00%,6.00%,7.00%,6.00%,,,,,,,,,,,,,,,,,,,,,,,,,,,,,,,,,,,,,,,,,,,,
,Term (Min),N/A,N/A,N/A,N/A,N/A,N/A,N/A,N/A,N/A,N/A,N/A,N/A,N/A,N/A,N/A,N/A,N/A,N/A,N/A,N/A,N/A,N/A,N/A,N/A,N/A,N/A,N/A,5,5,5,5,5,5,5,5,5,1,1,1,1,1,1,1,1,1,1,1,1,1,1,1,1,1,1,,,,,,,,,,,,,,,,,,,,,,,,,,,,,,,,,,,,,,,,,,,,
,Term (Max),N/A,N/A,N/A,N/A,N/A,N/A,N/A,N/A,N/A,N/A,N/A,N/A,N/A,N/A,N/A,N/A,N/A,N/A,N/A,N/A,N/A,N/A,N/A,N/A,N/A,N/A,N/A,10,10,10,10,10,10,10,10,10,5,5,5,5,5,5,5,5,5,5,5,5,5,5,5,5,5,5,,,,,,,,,,,,,,,,,,,,,,,,,,,,,,,,,,,,,,,,,,,,
,IO Period (Min),N/A,N/A,N/A,N/A,N/A,N/A,N/A,N/A,N/A,N/A,N/A,N/A,N/A,N/A,N/A,N/A,N/A,N/A,N/A,N/A,N/A,N/A,N/A,N/A,N/A,N/A,N/A,None,None,None,None,None,None,None,None,None,1,1,1,1,1,1,1,1,1,1,1,1,1,1,1,1,1,1,,,,,,,,,,,,,,,,,,,,,,,,,,,,,,,,,,,,,,,,,,,,
,IO Period (Max),N/A,N/A,N/A,N/A,N/A,N/A,N/A,N/A,N/A,N/A,N/A,N/A,N/A,N/A,N/A,N/A,N/A,N/A,N/A,N/A,N/A,N/A,N/A,N/A,N/A,N/A,N/A,10,10,10,10,10,10,10,10,10,5,5,5,5,5,5,5,5,5,5,5,5,5,5,5,5,5,5,,,,,,,,,,,,,,,,,,,,,,,,,,,,,,,,,,,,,,,,,,,,
,Amortization (Min),N/A,N/A,N/A,N/A,N/A,N/A,N/A,N/A,N/A,N/A,N/A,N/A,N/A,N/A,N/A,N/A,N/A,N/A,N/A,N/A,N/A,N/A,N/A,N/A,N/A,N/A,N/A,25,25,25,25,25,25,25,25,25,25,25,25,25,25,25,25,25,25,25,25,25,25,25,25,25,25,25,,,,,,,,,,,,,,,,,,,,,,,,,,,,,,,,,,,,,,,,,,,,
,Amortization (Max),N/A,N/A,N/A,N/A,N/A,N/A,N/A,N/A,N/A,N/A,N/A,N/A,N/A,N/A,N/A,N/A,N/A,N/A,N/A,N/A,N/A,N/A,N/A,N/A,N/A,N/A,N/A,30,25,25,30,25,25,25,25,25,30,25,25,30,25,25,25,25,25,25,25,25,25,25,25,25,25,25,,,,,,,,,,,,,,,,,,,,,,,,,,,,,,,,,,,,,,,,,,,,
,Prepayment Penalty,N/A,N/A,N/A,N/A,N/A,N/A,N/A,N/A,N/A,N/A,N/A,N/A,N/A,N/A,N/A,N/A,N/A,N/A,N/A,N/A,N/A,N/A,N/A,N/A,N/A,N/A,N/A,Minimum Interest,Minimum Interest,Minimum Interest,Minimum Interest,Minimum Interest,Minimum Interest,Minimum Interest,Minimum Interest,Minimum Interest,Minimum Interest,Minimum Interest,Minimum Interest,Minimum Interest,Minimum Interest,Minimum Interest,Minimum Interest,Minimum Interest,Minimum Interest,Minimum Interest,Minimum Interest,Minimum Interest,Minimum Interest,Minimum Interest,Minimum Interest,Minimum Interest,Minimum Interest,Minimum Interest,,,,,,,,,,,,,,,,,,,,,,,,,,,,,,,,,,,,,,,,,,,,
,Fee,N/A,N/A,N/A,N/A,N/A,N/A,N/A,N/A,N/A,N/A,N/A,N/A,N/A,N/A,N/A,N/A,N/A,N/A,N/A,N/A,N/A,N/A,N/A,N/A,N/A,N/A,N/A,0.50% - 1.00%,0.50% - 1.00%,0.50% - 1.00%,0.50% - 1.00%,0.50% - 1.00%,0.50% - 1.00%,0.50% - 1.00%,0.50% - 1.00%,0.50% - 1.00%,1.00% - 2.00%,1.00% - 2.00%,1.00% - 2.00%,1.00% - 2.00%,1.00% - 2.00%,1.00% - 2.00%,1.00% - 2.00%,1.00% - 2.00%,1.00% - 2.00%,1.00% - 2.00%,1.00% - 2.00%,1.00% - 2.00%,1.00% - 2.00%,1.00% - 2.00%,1.00% - 2.00%,1.00% - 2.00%,1.00% - 2.00%,1.00% - 2.00%,,,,,,,,,,,,,,,,,,,,,,,,,,,,,,,,,,,,,,,,,,,,
,,,,,,,,,,,,,,,,,,,,,,,,,,,,,,,,,,,,,,,,,,,,,,,,,,,,,,,,,,,,,,,,,,,,,,,,,,,,,,,,,,,,,,,,,,,,,,,,,,,
,,,,,,,,,,,,,,,,,,,,,,,,,,,,,,,,,,,,,,,,,,,,,,,,,,,,,,,,,,,,,,,,,,,,,,,,,,,,,,,,,,,,,,,,,,,,,,,,,,,
,Execution,Life Companies,Life Companies,Life Companies,Life Companies,Life Companies,Life Companies,Life Companies,Life Companies,Life Companies,Life Companies,Life Companies,Life Companies,Life Companies,Life Companies,Life Companies,Life Companies,Life Companies,Life Companies,Life Companies,Life Companies,Life Companies,Life Companies,Life Companies,Life Companies,Life Companies,Life Companies,Life Companies,Life Companies,Life Companies,Life Companies,Life Companies,Life Companies,Life Companies,Life Companies,Life Companies,Life Companies,Life Companies,Life Companies,Life Companies,Life Companies,Life Companies,Life Companies,Life Companies,Life Companies,Life Companies,Life Companies,Life Companies,Life Companies,Life Companies,Life Companies,Life Companies,Life Companies,Life Companies,Life Companies,,,,,,,,,,,,,,,,,,,,,,,,,,,,,,,,,,,,,,,,,,,,
,Loan Type,Permanent,Permanent,Permanent,Permanent,Permanent,Permanent,Permanent,Permanent,Permanent,Bridge,Bridge,Bridge,Bridge,Bridge,Bridge,Bridge,Bridge,Bridge,Construction,Construction,Construction,Construction,Construction,Construction,Construction,Construction,Construction,Permanent,Permanent,Permanent,Permanent,Permanent,Permanent,Permanent,Permanent,Permanent,Bridge,Bridge,Bridge,Bridge,Bridge,Bridge,Bridge,Bridge,Bridge,Construction,Construction,Construction,Construction,Construction,Construction,Construction,Construction,Construction,,,,,,,,,,,,,,,,,,,,,,,,,,,,,,,,,,,,,,,,,,,,
,Asset Type,Multi,Office,Retail,Industrial,Hospitality,Senior Housing,SFR,Land,Specialty,Multi,Office,Retail,Industrial,Hospitality,Senior Housing,SFR,Land,Specialty,Multi,Office,Retail,Industrial,Hospitality,Senior Housing,SFR,Land,Specialty,Multi,Office,Retail,Industrial,Hospitality,Senior Housing,SFR,Land,Specialty,Multi,Office,Retail,Industrial,Hospitality,Senior Housing,SFR,Land,Specialty,Multi,Office,Retail,Industrial,Hospitality,Senior Housing,SFR,Land,Specialty,,,,,,,,,,,,,,,,,,,,,,,,,,,,,,,,,,,,,,,,,,,,
,Recourse,Recourse,Recourse,Recourse,Recourse,Recourse,Recourse,Recourse,Recourse,Recourse,Recourse,Recourse,Recourse,Recourse,Recourse,Recourse,Recourse,Recourse,Recourse,Recourse,Recourse,Recourse,Recourse,Recourse,Recourse,Recourse,Recourse,Recourse,Non-recourse,Non-recourse,Non-recourse,Non-recourse,Non-recourse,Non-recourse,Non-recourse,Non-recourse,Non-recourse,Non-recourse,Non-recourse,Non-recourse,Non-recourse,Non-recourse,Non-recourse,Non-recourse,Non-recourse,Non-recourse,Non-recourse,Non-recourse,Non-recourse,Non-recourse,Non-recourse,Non-recourse,Non-recourse,Non-recourse,Non-recourse,,,,,,,,,,,,,,,,,,,,,,,,,,,,,,,,,,,,,,,,,,,,
,As-Is LTV (Max),75%,65%,75%,75%,70%,70%,70%,60%,70%,75%,65%,75%,75%,70%,70%,70%,60%,70%,70%,60%,65%,70%,60%,70%,70%,60%,65%,65%,55%,65%,65%,60%,60%,60%,50%,60%,65%,55%,60%,65%,60%,60%,60%,50%,60%,65%,55%,65%,65%,60%,60%,60%,50%,60%,,,,,,,,,,,,,,,,,,,,,,,,,,,,,,,,,,,,,,,,,,,,
,Stabilized LTV (Max),N/A,N/A,N/A,N/A,N/A,N/A,N/A,N/A,N/A,75%,65%,75%,75%,70%,70%,70%,N/A,70%,70%,60%,65%,70%,60%,70%,70%,N/A,65%,N/A,N/A,N/A,N/A,N/A,N/A,N/A,N/A,N/A,65%,55%,60%,65%,60%,60%,60%,N/A,60%,65%,55%,65%,65%,60%,60%,60%,N/A,60%,,,,,,,,,,,,,,,,,,,,,,,,,,,,,,,,,,,,,,,,,,,,
,LTC (Max),N/A,N/A,N/A,N/A,N/A,N/A,N/A,N/A,N/A,75%,65%,75%,75%,70%,70%,70%,N/A,70%,70%,60%,65%,70%,60%,70%,70%,N/A,65%,N/A,N/A,N/A,N/A,N/A,N/A,N/A,N/A,N/A,65%,55%,60%,65%,60%,60%,60%,N/A,60%,65%,55%,65%,65%,60%,60%,60%,N/A,60%,,,,,,,,,,,,,,,,,,,,,,,,,,,,,,,,,,,,,,,,,,,,
,As-Is DSCR (Min),1.15x,1.30x,1.25x,1.20x,1.25x,1.25x,1.25x,N/A,1.30x,0.50x,0.50x,0.50x,0.50x,0.50x,0.50x,0.50x,N/A,0.50x,N/A,N/A,N/A,N/A,N/A,N/A,N/A,N/A,N/A,1.15x,1.30x,1.25x,1.20x,1.25x,1.25x,1.25x,N/A,1.30x,0.50x,0.50x,0.50x,0.50x,0.50x,0.50x,0.50x,N/A,0.50x,N/A,N/A,N/A,N/A,N/A,N/A,N/A,N/A,N/A,,,,,,,,,,,,,,,,,,,,,,,,,,,,,,,,,,,,,,,,,,,,
,Stabilized DSCR (Min),N/A,N/A,N/A,N/A,N/A,N/A,N/A,N/A,N/A,1.15x,1.30x,1.25x,1.20x,1.25x,1.25x,1.25x,N/A,1.30x,1.15x,1.30x,1.25x,1.20x,1.25x,1.25x,1.25x,N/A,1.30x,N/A,N/A,N/A,N/A,N/A,N/A,N/A,N/A,N/A,1.15x,1.30x,1.25x,1.20x,1.25x,1.25x,1.25x,N/A,1.30x,1.15x,1.30x,1.25x,1.20x,1.25x,1.25x,1.25x,N/A,1.30x,,,,,,,,,,,,,,,,,,,,,,,,,,,,,,,,,,,,,,,,,,,,
,As-Is DY (Min),N/A,N/A,N/A,N/A,N/A,N/A,N/A,N/A,N/A,N/A,N/A,N/A,N/A,N/A,N/A,N/A,N/A,N/A,N/A,N/A,N/A,N/A,N/A,N/A,N/A,N/A,N/A,N/A,N/A,N/A,N/A,N/A,N/A,N/A,N/A,N/A,N/A,N/A,N/A,N/A,N/A,N/A,N/A,N/A,N/A,N/A,N/A,N/A,N/A,N/A,N/A,N/A,N/A,N/A,,,,,,,,,,,,,,,,,,,,,,,,,,,,,,,,,,,,,,,,,,,,
,Stabilized DY (Min),N/A,N/A,N/A,N/A,N/A,N/A,N/A,N/A,N/A,N/A,N/A,N/A,N/A,N/A,N/A,N/A,N/A,N/A,N/A,N/A,N/A,N/A,N/A,N/A,N/A,N/A,N/A,N/A,N/A,N/A,N/A,N/A,N/A,N/A,N/A,N/A,N/A,N/A,N/A,N/A,N/A,N/A,N/A,N/A,N/A,N/A,N/A,N/A,N/A,N/A,N/A,N/A,N/A,N/A,,,,,,,,,,,,,,,,,,,,,,,,,,,,,,,,,,,,,,,,,,,,
,Interest Rate (Min),6.14%,6.64%,6.39%,6.14%,6.39%,6.39%,6.39%,6.64%,6.64%,6.54%,7.54%,7.04%,6.79%,7.04%,6.79%,6.79%,7.04%,7.04%,7.04%,7.04%,7.04%,7.04%,7.04%,7.04%,7.04%,7.04%,7.04%,6.14%,6.64%,6.39%,6.14%,6.39%,6.39%,6.39%,6.64%,6.64%,6.54%,7.54%,7.04%,6.79%,7.04%,6.79%,6.79%,7.04%,7.04%,7.04%,7.04%,7.04%,7.04%,7.04%,7.04%,7.04%,7.04%,7.04%,,,,,,,,,,,,,,,,,,,,,,,,,,,,,,,,,,,,,,,,,,,,
,Index ,UST 5 Year,UST 5 Year,UST 5 Year,UST 5 Year,UST 5 Year,UST 5 Year,UST 5 Year,UST 5 Year,UST 5 Year,UST 5 Year,UST 5 Year,UST 5 Year,UST 5 Year,UST 5 Year,UST 5 Year,UST 5 Year,UST 5 Year,UST 5 Year,UST 5 Year,UST 5 Year,UST 5 Year,UST 5 Year,UST 5 Year,UST 5 Year,UST 5 Year,UST 5 Year,UST 5 Year,UST 5 Year,UST 5 Year,UST 5 Year,UST 5 Year,UST 5 Year,UST 5 Year,UST 5 Year,UST 5 Year,UST 5 Year,UST 5 Year,UST 5 Year,UST 5 Year,UST 5 Year,UST 5 Year,UST 5 Year,UST 5 Year,UST 5 Year,UST 5 Year,UST 5 Year,UST 5 Year,UST 5 Year,UST 5 Year,UST 5 Year,UST 5 Year,UST 5 Year,UST 5 Year,UST 5 Year,,,,,,,,,,,,,,,,,,,,,,,,,,,,,,,,,,,,,,,,,,,,
,Index Rate,4.29%,4.29%,4.29%,4.29%,4.29%,4.29%,4.29%,4.29%,4.29%,4.29%,4.29%,4.29%,4.29%,4.29%,4.29%,4.29%,4.29%,4.29%,4.29%,4.29%,4.29%,4.29%,4.29%,4.29%,4.29%,4.29%,4.29%,4.29%,4.29%,4.29%,4.29%,4.29%,4.29%,4.29%,4.29%,4.29%,4.29%,4.29%,4.29%,4.29%,4.29%,4.29%,4.29%,4.29%,4.29%,4.29%,4.29%,4.29%,4.29%,4.29%,4.29%,4.29%,4.29%,4.29%,,,,,,,,,,,,,,,,,,,,,,,,,,,,,,,,,,,,,,,,,,,,
,Spread,1.85%,2.35%,2.10%,1.85%,2.10%,2.10%,2.10%,2.35%,2.35%,2.25%,3.25%,2.75%,2.50%,2.75%,2.50%,2.50%,2.75%,2.75%,2.75%,2.75%,2.75%,2.75%,2.75%,2.75%,2.75%,2.75%,2.75%,1.85%,2.35%,2.10%,1.85%,2.10%,2.10%,2.10%,2.35%,2.35%,2.25%,3.25%,2.75%,2.50%,2.75%,2.50%,2.50%,2.75%,2.75%,2.75%,2.75%,2.75%,2.75%,2.75%,2.75%,2.75%,2.75%,2.75%,,,,,,,,,,,,,,,,,,,,,,,,,,,,,,,,,,,,,,,,,,,,
,Interest Rate (Max),6.64%,7.14%,6.89%,6.64%,6.89%,6.89%,6.89%,7.14%,7.14%,7.04%,8.04%,7.54%,7.29%,7.54%,7.29%,7.29%,7.54%,7.54%,7.54%,7.54%,7.54%,7.54%,7.54%,7.54%,7.54%,7.54%,7.54%,6.79%,7.29%,7.04%,6.64%,6.89%,6.89%,6.89%,7.14%,7.14%,7.04%,8.04%,7.54%,7.29%,7.54%,7.29%,7.29%,7.54%,7.54%,7.54%,7.54%,7.54%,7.54%,7.54%,7.54%,7.54%,7.54%,7.54%,,,,,,,,,,,,,,,,,,,,,,,,,,,,,,,,,,,,,,,,,,,,
,Index ,UST 5 Year,UST 5 Year,UST 5 Year,UST 5 Year,UST 5 Year,UST 5 Year,UST 5 Year,UST 5 Year,UST 5 Year,UST 5 Year,UST 5 Year,UST 5 Year,UST 5 Year,UST 5 Year,UST 5 Year,UST 5 Year,UST 5 Year,UST 5 Year,UST 5 Year,UST 5 Year,UST 5 Year,UST 5 Year,UST 5 Year,UST 5 Year,UST 5 Year,UST 5 Year,UST 5 Year,UST 5 Year,UST 5 Year,UST 5 Year,UST 5 Year,UST 5 Year,UST 5 Year,UST 5 Year,UST 5 Year,UST 5 Year,UST 5 Year,UST 5 Year,UST 5 Year,UST 5 Year,UST 5 Year,UST 5 Year,UST 5 Year,UST 5 Year,UST 5 Year,UST 5 Year,UST 5 Year,UST 5 Year,UST 5 Year,UST 5 Year,UST 5 Year,UST 5 Year,UST 5 Year,UST 5 Year,,,,,,,,,,,,,,,,,,,,,,,,,,,,,,,,,,,,,,,,,,,,
,Index Rate,4.29%,4.29%,4.29%,4.29%,4.29%,4.29%,4.29%,4.29%,4.29%,4.29%,4.29%,4.29%,4.29%,4.29%,4.29%,4.29%,4.29%,4.29%,4.29%,4.29%,4.29%,4.29%,4.29%,4.29%,4.29%,4.29%,4.29%,4.29%,4.29%,4.29%,4.29%,4.29%,4.29%,4.29%,4.29%,4.29%,4.29%,4.29%,4.29%,4.29%,4.29%,4.29%,4.29%,4.29%,4.29%,4.29%,4.29%,4.29%,4.29%,4.29%,4.29%,4.29%,4.29%,4.29%,,,,,,,,,,,,,,,,,,,,,,,,,,,,,,,,,,,,,,,,,,,,
,Spread,2.35%,2.85%,2.60%,2.35%,2.60%,2.60%,2.60%,2.85%,2.85%,2.75%,3.75%,3.25%,3.00%,3.25%,3.00%,3.00%,3.25%,3.25%,3.25%,3.25%,3.25%,3.25%,3.25%,3.25%,3.25%,3.25%,3.25%,2.50%,3.00%,2.75%,2.35%,2.60%,2.60%,2.60%,2.85%,2.85%,2.75%,3.75%,3.25%,3.00%,3.25%,3.00%,3.00%,3.25%,3.25%,3.25%,3.25%,3.25%,3.25%,3.25%,3.25%,3.25%,3.25%,3.25%,,,,,,,,,,,,,,,,,,,,,,,,,,,,,,,,,,,,,,,,,,,,
,Term (Min),5,5,5,5,5,5,5,5,5,2,2,2,2,2,2,2,2,2,2,2,2,2,2,2,2,2,2,5,5,5,5,5,5,5,5,5,2,2,2,2,2,2,2,2,2,2,2,2,2,2,2,2,2,2,,,,,,,,,,,,,,,,,,,,,,,,,,,,,,,,,,,,,,,,,,,,
,Term (Max),10,10,10,10,10,10,10,10,10,5,5,5,5,5,5,5,5,5,5,5,5,5,5,5,5,5,5,10,10,10,10,10,10,10,10,10,5,5,5,5,5,5,5,5,5,5,5,5,5,5,5,5,5,5,,,,,,,,,,,,,,,,,,,,,,,,,,,,,,,,,,,,,,,,,,,,
,IO Period (Min),None,None,None,None,None,None,None,None,None,1,1,1,1,1,1,1,1,1,1,1,1,1,1,1,1,1,1,None,None,None,None,None,None,None,None,None,1,1,1,1,1,1,1,1,1,1,1,1,1,1,1,1,1,1,,,,,,,,,,,,,,,,,,,,,,,,,,,,,,,,,,,,,,,,,,,,
,IO Period (Max),None,None,None,None,None,None,None,None,None,3,3,3,3,3,3,3,3,3,3,3,3,3,3,3,3,3,3,None,None,None,None,None,None,None,None,None,3,3,3,3,3,3,3,3,3,3,3,3,3,3,3,3,3,3,,,,,,,,,,,,,,,,,,,,,,,,,,,,,,,,,,,,,,,,,,,,
,Amortization (Min),25,20,20,25,20,20,20,20,20,25,20,20,25,20,20,20,20,20,20,20,20,20,20,20,20,20,20,25,20,20,25,20,20,20,20,20,25,20,20,25,20,20,20,20,20,20,20,20,20,20,20,20,20,20,,,,,,,,,,,,,,,,,,,,,,,,,,,,,,,,,,,,,,,,,,,,
,Amortization (Max),30,25,25,30,25,25,25,25,25,30,25,25,30,25,25,25,25,25,25,25,25,25,25,25,25,25,25,30,25,25,30,25,25,25,25,25,30,25,25,30,25,25,25,25,25,25,25,25,25,25,25,25,25,25,,,,,,,,,,,,,,,,,,,,,,,,,,,,,,,,,,,,,,,,,,,,
,Prepayment Penalty,Yield Maintenance,Yield Maintenance,Yield Maintenance,Yield Maintenance,Yield Maintenance,Yield Maintenance,Yield Maintenance,Yield Maintenance,Yield Maintenance,Minimum Interest,Minimum Interest,Minimum Interest,Minimum Interest,Minimum Interest,Minimum Interest,Minimum Interest,Minimum Interest,Minimum Interest,Minimum Interest,Minimum Interest,Minimum Interest,Minimum Interest,Minimum Interest,Minimum Interest,Minimum Interest,Minimum Interest,Minimum Interest,Yield Maintenance,Yield Maintenance,Yield Maintenance,Yield Maintenance,Yield Maintenance,Yield Maintenance,Yield Maintenance,Yield Maintenance,Yield Maintenance,Minimum Interest,Minimum Interest,Minimum Interest,Minimum Interest,Minimum Interest,Minimum Interest,Minimum Interest,Minimum Interest,Minimum Interest,Minimum Interest,Minimum Interest,Minimum Interest,Minimum Interest,Minimum Interest,Minimum Interest,Minimum Interest,Minimum Interest,Minimum Interest,,,,,,,,,,,,,,,,,,,,,,,,,,,,,,,,,,,,,,,,,,,,
,Fee,0.50% - 1.00%,0.50% - 1.00%,0.50% - 1.00%,0.50% - 1.00%,0.50% - 1.00%,0.50% - 1.00%,0.50% - 1.00%,0.50% - 1.00%,0.50% - 1.00%,0.50% - 1.00%,0.50% - 1.00%,0.50% - 1.00%,0.50% - 1.00%,0.50% - 1.00%,0.50% - 1.00%,0.50% - 1.00%,0.50% - 1.00%,0.50% - 1.00%,0.50% - 1.00%,0.50% - 1.00%,0.50% - 1.00%,0.50% - 1.00%,0.50% - 1.00%,0.50% - 1.00%,0.50% - 1.00%,0.50% - 1.00%,0.50% - 1.00%,0.50% - 1.00%,0.50% - 1.00%,0.50% - 1.00%,0.50% - 1.00%,0.50% - 1.00%,0.50% - 1.00%,0.50% - 1.00%,0.50% - 1.00%,0.50% - 1.00%,0.50% - 1.00%,0.50% - 1.00%,0.50% - 1.00%,0.50% - 1.00%,0.50% - 1.00%,0.50% - 1.00%,0.50% - 1.00%,0.50% - 1.00%,0.50% - 1.00%,0.50% - 1.00%,0.50% - 1.00%,0.50% - 1.00%,0.50% - 1.00%,0.50% - 1.00%,0.50% - 1.00%,0.50% - 1.00%,0.50% - 1.00%,0.50% - 1.00%,,,,,,,,,,,,,,,,,,,,,,,,,,,,,,,,,,,,,,,,,,,,
,,,,,,,,,,,,,,,,,,,,,,,,,,,,,,,,,,,,,,,,,,,,,,,,,,,,,,,,,,,,,,,,,,,,,,,,,,,,,,,,,,,,,,,,,,,,,,,,,,,
,,,,,,,,,,,,,,,,,,,,,,,,,,,,,,,,,,,,,,,,,,,,,,,,,,,,,,,,,,,,,,,,,,,,,,,,,,,,,,,,,,,,,,,,,,,,,,,,,,,
,Execution,CMBS,CMBS,CMBS,CMBS,CMBS,CMBS,CMBS,CMBS,CMBS,CMBS,CMBS,CMBS,CMBS,CMBS,CMBS,CMBS,CMBS,CMBS,CMBS,CMBS,CMBS,CMBS,CMBS,CMBS,CMBS,CMBS,CMBS,CMBS,CMBS,CMBS,CMBS,CMBS,CMBS,CMBS,CMBS,CMBS,CMBS,CMBS,CMBS,CMBS,CMBS,CMBS,CMBS,CMBS,CMBS,CMBS,CMBS,CMBS,CMBS,CMBS,CMBS,CMBS,CMBS,CMBS,,,,,,,,,,,,,,,,,,,,,,,,,,,,,,,,,,,,,,,,,,,,
,Loan Type,Permanent,Permanent,Permanent,Permanent,Permanent,Permanent,Permanent,Permanent,Permanent,Bridge,Bridge,Bridge,Bridge,Bridge,Bridge,Bridge,Bridge,Bridge,Construction,Construction,Construction,Construction,Construction,Construction,Construction,Construction,Construction,Permanent,Permanent,Permanent,Permanent,Permanent,Permanent,Permanent,Permanent,Permanent,Bridge,Bridge,Bridge,Bridge,Bridge,Bridge,Bridge,Bridge,Bridge,Construction,Construction,Construction,Construction,Construction,Construction,Construction,Construction,Construction,,,,,,,,,,,,,,,,,,,,,,,,,,,,,,,,,,,,,,,,,,,,
,Asset Type,Multi,Office,Retail,Industrial,Hospitality,Senior Housing,SFR,Land,Specialty,Multi,Office,Retail,Industrial,Hospitality,Senior Housing,SFR,Land,Specialty,Multi,Office,Retail,Industrial,Hospitality,Senior Housing,SFR,Land,Specialty,Multi,Office,Retail,Industrial,Hospitality,Senior Housing,SFR,Land,Specialty,Multi,Office,Retail,Industrial,Hospitality,Senior Housing,SFR,Land,Specialty,Multi,Office,Retail,Industrial,Hospitality,Senior Housing,SFR,Land,Specialty,,,,,,,,,,,,,,,,,,,,,,,,,,,,,,,,,,,,,,,,,,,,
,Recourse,Recourse,Recourse,Recourse,Recourse,Recourse,Recourse,Recourse,Recourse,Recourse,Recourse,Recourse,Recourse,Recourse,Recourse,Recourse,Recourse,Recourse,Recourse,Recourse,Recourse,Recourse,Recourse,Recourse,Recourse,Recourse,Recourse,Recourse,Non-recourse,Non-recourse,Non-recourse,Non-recourse,Non-recourse,Non-recourse,Non-recourse,Non-recourse,Non-recourse,Non-recourse,Non-recourse,Non-recourse,Non-recourse,Non-recourse,Non-recourse,Non-recourse,Non-recourse,Non-recourse,Non-recourse,Non-recourse,Non-recourse,Non-recourse,Non-recourse,Non-recourse,Non-recourse,Non-recourse,Non-recourse,,,,,,,,,,,,,,,,,,,,,,,,,,,,,,,,,,,,,,,,,,,,
,As-Is LTV (Max),N/A,N/A,N/A,N/A,N/A,N/A,N/A,N/A,N/A,N/A,N/A,N/A,N/A,N/A,N/A,N/A,N/A,N/A,N/A,N/A,N/A,N/A,N/A,N/A,N/A,N/A,N/A,75%,65%,70%,75%,70%,70%,N/A,N/A,N/A,N/A,N/A,N/A,N/A,N/A,N/A,N/A,N/A,N/A,N/A,N/A,N/A,N/A,N/A,N/A,N/A,N/A,N/A,,,,,,,,,,,,,,,,,,,,,,,,,,,,,,,,,,,,,,,,,,,,
,Stabilized LTV (Max),N/A,N/A,N/A,N/A,N/A,N/A,N/A,N/A,N/A,N/A,N/A,N/A,N/A,N/A,N/A,N/A,N/A,N/A,N/A,N/A,N/A,N/A,N/A,N/A,N/A,N/A,N/A,N/A,N/A,N/A,N/A,N/A,N/A,N/A,N/A,N/A,N/A,N/A,N/A,N/A,N/A,N/A,N/A,N/A,N/A,N/A,N/A,N/A,N/A,N/A,N/A,N/A,N/A,N/A,,,,,,,,,,,,,,,,,,,,,,,,,,,,,,,,,,,,,,,,,,,,
,LTC (Max),N/A,N/A,N/A,N/A,N/A,N/A,N/A,N/A,N/A,N/A,N/A,N/A,N/A,N/A,N/A,N/A,N/A,N/A,N/A,N/A,N/A,N/A,N/A,N/A,N/A,N/A,N/A,N/A,N/A,N/A,N/A,N/A,N/A,N/A,N/A,N/A,N/A,N/A,N/A,N/A,N/A,N/A,N/A,N/A,N/A,N/A,N/A,N/A,N/A,N/A,N/A,N/A,N/A,N/A,,,,,,,,,,,,,,,,,,,,,,,,,,,,,,,,,,,,,,,,,,,,
,As-Is DSCR (Min),N/A,N/A,N/A,N/A,N/A,N/A,N/A,N/A,N/A,N/A,N/A,N/A,N/A,N/A,N/A,N/A,N/A,N/A,N/A,N/A,N/A,N/A,N/A,N/A,N/A,N/A,N/A,1.15x,1.30x,1.25x,1.20x,1.25x,1.25x,N/A,N/A,N/A,N/A,N/A,N/A,N/A,N/A,N/A,N/A,N/A,N/A,N/A,N/A,N/A,N/A,N/A,N/A,N/A,N/A,N/A,,,,,,,,,,,,,,,,,,,,,,,,,,,,,,,,,,,,,,,,,,,,
,Stabilized DSCR (Min),N/A,N/A,N/A,N/A,N/A,N/A,N/A,N/A,N/A,N/A,N/A,N/A,N/A,N/A,N/A,N/A,N/A,N/A,N/A,N/A,N/A,N/A,N/A,N/A,N/A,N/A,N/A,N/A,N/A,N/A,N/A,N/A,N/A,N/A,N/A,N/A,N/A,N/A,N/A,N/A,N/A,N/A,N/A,N/A,N/A,N/A,N/A,N/A,N/A,N/A,N/A,N/A,N/A,N/A,,,,,,,,,,,,,,,,,,,,,,,,,,,,,,,,,,,,,,,,,,,,
,As-Is DY (Min),N/A,N/A,N/A,N/A,N/A,N/A,N/A,N/A,N/A,N/A,N/A,N/A,N/A,N/A,N/A,N/A,N/A,N/A,N/A,N/A,N/A,N/A,N/A,N/A,N/A,N/A,N/A,N/A,N/A,N/A,N/A,N/A,N/A,N/A,N/A,N/A,N/A,N/A,N/A,N/A,N/A,N/A,N/A,N/A,N/A,N/A,N/A,N/A,N/A,N/A,N/A,N/A,N/A,N/A,,,,,,,,,,,,,,,,,,,,,,,,,,,,,,,,,,,,,,,,,,,,
,Stabilized DY (Min),N/A,N/A,N/A,N/A,N/A,N/A,N/A,N/A,N/A,N/A,N/A,N/A,N/A,N/A,N/A,N/A,N/A,N/A,N/A,N/A,N/A,N/A,N/A,N/A,N/A,N/A,N/A,N/A,N/A,N/A,N/A,N/A,N/A,N/A,N/A,N/A,N/A,N/A,N/A,N/A,N/A,N/A,N/A,N/A,N/A,N/A,N/A,N/A,N/A,N/A,N/A,N/A,N/A,N/A,,,,,,,,,,,,,,,,,,,,,,,,,,,,,,,,,,,,,,,,,,,,
,Interest Rate (Min),N/A,N/A,N/A,N/A,N/A,N/A,N/A,N/A,N/A,N/A,N/A,N/A,N/A,N/A,N/A,N/A,N/A,N/A,N/A,N/A,N/A,N/A,N/A,N/A,N/A,N/A,N/A,6.15%,6.65%,6.40%,6.15%,6.40%,6.40%,N/A,N/A,N/A,N/A,N/A,N/A,N/A,N/A,N/A,N/A,N/A,N/A,N/A,N/A,N/A,N/A,N/A,N/A,N/A,N/A,N/A,,,,,,,,,,,,,,,,,,,,,,,,,,,,,,,,,,,,,,,,,,,,
,Index ,N/A,N/A,N/A,N/A,N/A,N/A,N/A,N/A,N/A,N/A,N/A,N/A,N/A,N/A,N/A,N/A,N/A,N/A,N/A,N/A,N/A,N/A,N/A,N/A,N/A,N/A,N/A,SOFR Swap 10-Yr	,SOFR Swap 10-Yr	,SOFR Swap 10-Yr	,SOFR Swap 10-Yr	,SOFR Swap 10-Yr	,SOFR Swap 10-Yr	,N/A,N/A,N/A,N/A,N/A,N/A,N/A,N/A,N/A,N/A,N/A,N/A,N/A,N/A,N/A,N/A,N/A,N/A,N/A,N/A,N/A,,,,,,,,,,,,,,,,,,,,,,,,,,,,,,,,,,,,,,,,,,,,
,Index Rate,N/A,N/A,N/A,N/A,N/A,N/A,N/A,N/A,N/A,N/A,N/A,N/A,N/A,N/A,N/A,N/A,N/A,N/A,N/A,N/A,N/A,N/A,N/A,N/A,N/A,N/A,N/A,3.90%,3.90%,3.90%,3.90%,3.90%,3.90%,N/A,N/A,N/A,N/A,N/A,N/A,N/A,N/A,N/A,N/A,N/A,N/A,N/A,N/A,N/A,N/A,N/A,N/A,N/A,N/A,N/A,,,,,,,,,,,,,,,,,,,,,,,,,,,,,,,,,,,,,,,,,,,,
,Spread,N/A,N/A,N/A,N/A,N/A,N/A,N/A,N/A,N/A,N/A,N/A,N/A,N/A,N/A,N/A,N/A,N/A,N/A,N/A,N/A,N/A,N/A,N/A,N/A,N/A,N/A,N/A,2.25%,2.75%,2.50%,2.25%,2.50%,2.50%,N/A,N/A,N/A,N/A,N/A,N/A,N/A,N/A,N/A,N/A,N/A,N/A,N/A,N/A,N/A,N/A,N/A,N/A,N/A,N/A,N/A,,,,,,,,,,,,,,,,,,,,,,,,,,,,,,,,,,,,,,,,,,,,
,Interest Rate (Max),N/A,N/A,N/A,N/A,N/A,N/A,N/A,N/A,N/A,N/A,N/A,N/A,N/A,N/A,N/A,N/A,N/A,N/A,N/A,N/A,N/A,N/A,N/A,N/A,N/A,N/A,N/A,6.40%,6.90%,6.65%,6.65%,6.90%,6.90%,N/A,N/A,N/A,N/A,N/A,N/A,N/A,N/A,N/A,N/A,N/A,N/A,N/A,N/A,N/A,N/A,N/A,N/A,N/A,N/A,N/A,,,,,,,,,,,,,,,,,,,,,,,,,,,,,,,,,,,,,,,,,,,,
,Index ,N/A,N/A,N/A,N/A,N/A,N/A,N/A,N/A,N/A,N/A,N/A,N/A,N/A,N/A,N/A,N/A,N/A,N/A,N/A,N/A,N/A,N/A,N/A,N/A,N/A,N/A,N/A,SOFR Swap 10-Yr	,SOFR Swap 10-Yr	,SOFR Swap 10-Yr	,SOFR Swap 10-Yr	,SOFR Swap 10-Yr	,SOFR Swap 10-Yr	,N/A,N/A,N/A,N/A,N/A,N/A,N/A,N/A,N/A,N/A,N/A,N/A,N/A,N/A,N/A,N/A,N/A,N/A,N/A,N/A,N/A,,,,,,,,,,,,,,,,,,,,,,,,,,,,,,,,,,,,,,,,,,,,
,Index Rate,N/A,N/A,N/A,N/A,N/A,N/A,N/A,N/A,N/A,N/A,N/A,N/A,N/A,N/A,N/A,N/A,N/A,N/A,N/A,N/A,N/A,N/A,N/A,N/A,N/A,N/A,N/A,3.90%,3.90%,3.90%,3.90%,3.90%,3.90%,N/A,N/A,N/A,N/A,N/A,N/A,N/A,N/A,N/A,N/A,N/A,N/A,N/A,N/A,N/A,N/A,N/A,N/A,N/A,N/A,N/A,,,,,,,,,,,,,,,,,,,,,,,,,,,,,,,,,,,,,,,,,,,,
,Spread,N/A,N/A,N/A,N/A,N/A,N/A,N/A,N/A,N/A,N/A,N/A,N/A,N/A,N/A,N/A,N/A,N/A,N/A,N/A,N/A,N/A,N/A,N/A,N/A,N/A,N/A,N/A,2.50%,3.00%,2.75%,2.75%,3.00%,3.00%,N/A,N/A,N/A,N/A,N/A,N/A,N/A,N/A,N/A,N/A,N/A,N/A,N/A,N/A,N/A,N/A,N/A,N/A,N/A,N/A,N/A,,,,,,,,,,,,,,,,,,,,,,,,,,,,,,,,,,,,,,,,,,,,
,Term (Min),N/A,N/A,N/A,N/A,N/A,N/A,N/A,N/A,N/A,N/A,N/A,N/A,N/A,N/A,N/A,N/A,N/A,N/A,N/A,N/A,N/A,N/A,N/A,N/A,N/A,N/A,N/A,5,5,5,5,5,5,N/A,N/A,N/A,N/A,N/A,N/A,N/A,N/A,N/A,N/A,N/A,N/A,N/A,N/A,N/A,N/A,N/A,N/A,N/A,N/A,N/A,,,,,,,,,,,,,,,,,,,,,,,,,,,,,,,,,,,,,,,,,,,,
,Term (Max),N/A,N/A,N/A,N/A,N/A,N/A,N/A,N/A,N/A,N/A,N/A,N/A,N/A,N/A,N/A,N/A,N/A,N/A,N/A,N/A,N/A,N/A,N/A,N/A,N/A,N/A,N/A,10,10,10,10,10,10,N/A,N/A,N/A,N/A,N/A,N/A,N/A,N/A,N/A,N/A,N/A,N/A,N/A,N/A,N/A,N/A,N/A,N/A,N/A,N/A,N/A,,,,,,,,,,,,,,,,,,,,,,,,,,,,,,,,,,,,,,,,,,,,
,IO Period (Min),N/A,N/A,N/A,N/A,N/A,N/A,N/A,N/A,N/A,N/A,N/A,N/A,N/A,N/A,N/A,N/A,N/A,N/A,N/A,N/A,N/A,N/A,N/A,N/A,N/A,N/A,N/A,None,None,None,None,None,None,N/A,N/A,N/A,N/A,N/A,N/A,N/A,N/A,N/A,N/A,N/A,N/A,N/A,N/A,N/A,N/A,N/A,N/A,N/A,N/A,N/A,,,,,,,,,,,,,,,,,,,,,,,,,,,,,,,,,,,,,,,,,,,,
,IO Period (Max),N/A,N/A,N/A,N/A,N/A,N/A,N/A,N/A,N/A,N/A,N/A,N/A,N/A,N/A,N/A,N/A,N/A,N/A,N/A,N/A,N/A,N/A,N/A,N/A,N/A,N/A,N/A,10,10,10,10,10,10,N/A,N/A,N/A,N/A,N/A,N/A,N/A,N/A,N/A,N/A,N/A,N/A,N/A,N/A,N/A,N/A,N/A,N/A,N/A,N/A,N/A,,,,,,,,,,,,,,,,,,,,,,,,,,,,,,,,,,,,,,,,,,,,
,Amortization (Min),N/A,N/A,N/A,N/A,N/A,N/A,N/A,N/A,N/A,N/A,N/A,N/A,N/A,N/A,N/A,N/A,N/A,N/A,N/A,N/A,N/A,N/A,N/A,N/A,N/A,N/A,N/A,25,20,20,25,20,20,N/A,N/A,N/A,N/A,N/A,N/A,N/A,N/A,N/A,N/A,N/A,N/A,N/A,N/A,N/A,N/A,N/A,N/A,N/A,N/A,N/A,,,,,,,,,,,,,,,,,,,,,,,,,,,,,,,,,,,,,,,,,,,,
,Amortization (Max),N/A,N/A,N/A,N/A,N/A,N/A,N/A,N/A,N/A,N/A,N/A,N/A,N/A,N/A,N/A,N/A,N/A,N/A,N/A,N/A,N/A,N/A,N/A,N/A,N/A,N/A,N/A,30,25,25,30,25,25,N/A,N/A,N/A,N/A,N/A,N/A,N/A,N/A,N/A,N/A,N/A,N/A,N/A,N/A,N/A,N/A,N/A,N/A,N/A,N/A,N/A,,,,,,,,,,,,,,,,,,,,,,,,,,,,,,,,,,,,,,,,,,,,
,Prepayment Penalty,N/A,N/A,N/A,N/A,N/A,N/A,N/A,N/A,N/A,N/A,N/A,N/A,N/A,N/A,N/A,N/A,N/A,N/A,N/A,N/A,N/A,N/A,N/A,N/A,N/A,N/A,N/A,Defeasance ,Defeasance,Defeasance,Defeasance,Defeasance,Defeasance,N/A,N/A,N/A,N/A,N/A,N/A,N/A,N/A,N/A,N/A,N/A,N/A,N/A,N/A,N/A,N/A,N/A,N/A,N/A,N/A,N/A,,,,,,,,,,,,,,,,,,,,,,,,,,,,,,,,,,,,,,,,,,,,
,Fee,N/A,N/A,N/A,N/A,N/A,N/A,N/A,N/A,N/A,N/A,N/A,N/A,N/A,N/A,N/A,N/A,N/A,N/A,N/A,N/A,N/A,N/A,N/A,N/A,N/A,N/A,N/A,0%,0%,0%,0%,0%,0%,N/A,N/A,N/A,N/A,N/A,N/A,N/A,N/A,N/A,N/A,N/A,N/A,N/A,N/A,N/A,N/A,N/A,N/A,N/A,N/A,N/A,,,,,,,,,,,,,,,,,,,,,,,,,,,,,,,,,,,,,,,,,,,,
,,,,,,,,,,,,,,,,,,,,,,,,,,,,,,,,,,,,,,,,,,,,,,,,,,,,,,,,,,,,,,,,,,,,,,,,,,,,,,,,,,,,,,,,,,,,,,,,,,,
,,,,,,,,,,,,,,,,,,,,,,,,,,,,,,,,,,,,,,,,,,,,,,,,,,,,,,,,,,,,,,,,,,,,,,,,,,,,,,,,,,,,,,,,,,,,,,,,,,,
,Execution,Agency,Agency,Agency,Agency,Agency,Agency,Agency,Agency,Agency,Agency,Agency,Agency,Agency,Agency,Agency,Agency,Agency,Agency,Agency,Agency,Agency,Agency,Agency,Agency,Agency,Agency,Agency,Agency,Agency,Agency,Agency,Agency,Agency,Agency,Agency,Agency,Agency,Agency,Agency,Agency,Agency,Agency,Agency,Agency,Agency,Agency,Agency,Agency,Agency,Agency,Agency,Agency,Agency,Agency,,,,,,,,,,,,,,,,,,,,,,,,,,,,,,,,,,,,,,,,,,,,
,Loan Type,Permanent,Permanent,Permanent,Permanent,Permanent,Permanent,Permanent,Permanent,Permanent,Bridge,Bridge,Bridge,Bridge,Bridge,Bridge,Bridge,Bridge,Bridge,Construction,Construction,Construction,Construction,Construction,Construction,Construction,Construction,Construction,Permanent,Permanent,Permanent,Permanent,Permanent,Permanent,Permanent,Permanent,Permanent,Bridge,Bridge,Bridge,Bridge,Bridge,Bridge,Bridge,Bridge,Bridge,Construction,Construction,Construction,Construction,Construction,Construction,Construction,Construction,Construction,,,,,,,,,,,,,,,,,,,,,,,,,,,,,,,,,,,,,,,,,,,,
,Asset Type,Multi,Office,Retail,Industrial,Hospitality,Senior Housing,SFR,Land,Specialty,Multi,Office,Retail,Industrial,Hospitality,Senior Housing,SFR,Land,Specialty,Multi,Office,Retail,Industrial,Hospitality,Senior Housing,SFR,Land,Specialty,Multi,Office,Retail,Industrial,Hospitality,Senior Housing,SFR,Land,Specialty,Multi,Office,Retail,Industrial,Hospitality,Senior Housing,SFR,Land,Specialty,Multi,Office,Retail,Industrial,Hospitality,Senior Housing,SFR,Land,Specialty,,,,,,,,,,,,,,,,,,,,,,,,,,,,,,,,,,,,,,,,,,,,
,Recourse,Recourse,Recourse,Recourse,Recourse,Recourse,Recourse,Recourse,Recourse,Recourse,Recourse,Recourse,Recourse,Recourse,Recourse,Recourse,Recourse,Recourse,Recourse,Recourse,Recourse,Recourse,Recourse,Recourse,Recourse,Recourse,Recourse,Recourse,Non-recourse,Non-recourse,Non-recourse,Non-recourse,Non-recourse,Non-recourse,Non-recourse,Non-recourse,Non-recourse,Non-recourse,Non-recourse,Non-recourse,Non-recourse,Non-recourse,Non-recourse,Non-recourse,Non-recourse,Non-recourse,Non-recourse,Non-recourse,Non-recourse,Non-recourse,Non-recourse,Non-recourse,Non-recourse,Non-recourse,Non-recourse,,,,,,,,,,,,,,,,,,,,,,,,,,,,,,,,,,,,,,,,,,,,
,As-Is LTV (Max),N/A,N/A,N/A,N/A,N/A,N/A,N/A,N/A,N/A,N/A,N/A,N/A,N/A,N/A,N/A,N/A,N/A,N/A,N/A,N/A,N/A,N/A,N/A,N/A,N/A,N/A,N/A,75%,N/A,N/A,N/A,N/A,N/A,N/A,N/A,N/A,N/A,N/A,N/A,N/A,N/A,N/A,N/A,N/A,N/A,N/A,N/A,N/A,N/A,N/A,N/A,N/A,N/A,N/A,,,,,,,,,,,,,,,,,,,,,,,,,,,,,,,,,,,,,,,,,,,,
,Stabilized LTV (Max),N/A,N/A,N/A,N/A,N/A,N/A,N/A,N/A,N/A,N/A,N/A,N/A,N/A,N/A,N/A,N/A,N/A,N/A,N/A,N/A,N/A,N/A,N/A,N/A,N/A,N/A,N/A,N/A,N/A,N/A,N/A,N/A,N/A,N/A,N/A,N/A,N/A,N/A,N/A,N/A,N/A,N/A,N/A,N/A,N/A,N/A,N/A,N/A,N/A,N/A,N/A,N/A,N/A,N/A,,,,,,,,,,,,,,,,,,,,,,,,,,,,,,,,,,,,,,,,,,,,
,LTC (Max),N/A,N/A,N/A,N/A,N/A,N/A,N/A,N/A,N/A,N/A,N/A,N/A,N/A,N/A,N/A,N/A,N/A,N/A,N/A,N/A,N/A,N/A,N/A,N/A,N/A,N/A,N/A,N/A,N/A,N/A,N/A,N/A,N/A,N/A,N/A,N/A,N/A,N/A,N/A,N/A,N/A,N/A,N/A,N/A,N/A,N/A,N/A,N/A,N/A,N/A,N/A,N/A,N/A,N/A,,,,,,,,,,,,,,,,,,,,,,,,,,,,,,,,,,,,,,,,,,,,
,As-Is DSCR (Min),N/A,N/A,N/A,N/A,N/A,N/A,N/A,N/A,N/A,N/A,N/A,N/A,N/A,N/A,N/A,N/A,N/A,N/A,N/A,N/A,N/A,N/A,N/A,N/A,N/A,N/A,N/A,1.20x,N/A,N/A,N/A,N/A,N/A,N/A,N/A,N/A,N/A,N/A,N/A,N/A,N/A,N/A,N/A,N/A,N/A,N/A,N/A,N/A,N/A,N/A,N/A,N/A,N/A,N/A,,,,,,,,,,,,,,,,,,,,,,,,,,,,,,,,,,,,,,,,,,,,
,Stabilized DSCR (Min),N/A,N/A,N/A,N/A,N/A,N/A,N/A,N/A,N/A,N/A,N/A,N/A,N/A,N/A,N/A,N/A,N/A,N/A,N/A,N/A,N/A,N/A,N/A,N/A,N/A,N/A,N/A,N/A,N/A,N/A,N/A,N/A,N/A,N/A,N/A,N/A,N/A,N/A,N/A,N/A,N/A,N/A,N/A,N/A,N/A,N/A,N/A,N/A,N/A,N/A,N/A,N/A,N/A,N/A,,,,,,,,,,,,,,,,,,,,,,,,,,,,,,,,,,,,,,,,,,,,
,As-Is DY (Min),N/A,N/A,N/A,N/A,N/A,N/A,N/A,N/A,N/A,N/A,N/A,N/A,N/A,N/A,N/A,N/A,N/A,N/A,N/A,N/A,N/A,N/A,N/A,N/A,N/A,N/A,N/A,N/A,N/A,N/A,N/A,N/A,N/A,N/A,N/A,N/A,N/A,N/A,N/A,N/A,N/A,N/A,N/A,N/A,N/A,N/A,N/A,N/A,N/A,N/A,N/A,N/A,N/A,N/A,,,,,,,,,,,,,,,,,,,,,,,,,,,,,,,,,,,,,,,,,,,,
,Stabilized DY (Min),N/A,N/A,N/A,N/A,N/A,N/A,N/A,N/A,N/A,N/A,N/A,N/A,N/A,N/A,N/A,N/A,N/A,N/A,N/A,N/A,N/A,N/A,N/A,N/A,N/A,N/A,N/A,N/A,N/A,N/A,N/A,N/A,N/A,N/A,N/A,N/A,N/A,N/A,N/A,N/A,N/A,N/A,N/A,N/A,N/A,N/A,N/A,N/A,N/A,N/A,N/A,N/A,N/A,N/A,,,,,,,,,,,,,,,,,,,,,,,,,,,,,,,,,,,,,,,,,,,,
,Interest Rate (Min),N/A,N/A,N/A,N/A,N/A,N/A,N/A,N/A,N/A,N/A,N/A,N/A,N/A,N/A,N/A,N/A,N/A,N/A,N/A,N/A,N/A,N/A,N/A,N/A,N/A,N/A,N/A,6.04%,N/A,N/A,N/A,N/A,N/A,N/A,N/A,N/A,N/A,N/A,N/A,N/A,N/A,N/A,N/A,N/A,N/A,N/A,N/A,N/A,N/A,N/A,N/A,N/A,N/A,N/A,,,,,,,,,,,,,,,,,,,,,,,,,,,,,,,,,,,,,,,,,,,,
,Index ,N/A,N/A,N/A,N/A,N/A,N/A,N/A,N/A,N/A,N/A,N/A,N/A,N/A,N/A,N/A,N/A,N/A,N/A,N/A,N/A,N/A,N/A,N/A,N/A,N/A,N/A,N/A,UST 5 Year,N/A,N/A,N/A,N/A,N/A,N/A,N/A,N/A,N/A,N/A,N/A,N/A,N/A,N/A,N/A,N/A,N/A,N/A,N/A,N/A,N/A,N/A,N/A,N/A,N/A,N/A,,,,,,,,,,,,,,,,,,,,,,,,,,,,,,,,,,,,,,,,,,,,
,Index Rate,N/A,N/A,N/A,N/A,N/A,N/A,N/A,N/A,N/A,N/A,N/A,N/A,N/A,N/A,N/A,N/A,N/A,N/A,N/A,N/A,N/A,N/A,N/A,N/A,N/A,N/A,N/A,4.29%,N/A,N/A,N/A,N/A,N/A,N/A,N/A,N/A,N/A,N/A,N/A,N/A,N/A,N/A,N/A,N/A,N/A,N/A,N/A,N/A,N/A,N/A,N/A,N/A,N/A,N/A,,,,,,,,,,,,,,,,,,,,,,,,,,,,,,,,,,,,,,,,,,,,
,Spread,N/A,N/A,N/A,N/A,N/A,N/A,N/A,N/A,N/A,N/A,N/A,N/A,N/A,N/A,N/A,N/A,N/A,N/A,N/A,N/A,N/A,N/A,N/A,N/A,N/A,N/A,N/A,1.75%,N/A,N/A,N/A,N/A,N/A,N/A,N/A,N/A,N/A,N/A,N/A,N/A,N/A,N/A,N/A,N/A,N/A,N/A,N/A,N/A,N/A,N/A,N/A,N/A,N/A,N/A,,,,,,,,,,,,,,,,,,,,,,,,,,,,,,,,,,,,,,,,,,,,
,Interest Rate (Max),N/A,N/A,N/A,N/A,N/A,N/A,N/A,N/A,N/A,N/A,N/A,N/A,N/A,N/A,N/A,N/A,N/A,N/A,N/A,N/A,N/A,N/A,N/A,N/A,N/A,N/A,N/A,6.54%,N/A,N/A,N/A,N/A,N/A,N/A,N/A,N/A,N/A,N/A,N/A,N/A,N/A,N/A,N/A,N/A,N/A,N/A,N/A,N/A,N/A,N/A,N/A,N/A,N/A,N/A,,,,,,,,,,,,,,,,,,,,,,,,,,,,,,,,,,,,,,,,,,,,
,Index ,N/A,N/A,N/A,N/A,N/A,N/A,N/A,N/A,N/A,N/A,N/A,N/A,N/A,N/A,N/A,N/A,N/A,N/A,N/A,N/A,N/A,N/A,N/A,N/A,N/A,N/A,N/A,UST 5 Year,N/A,N/A,N/A,N/A,N/A,N/A,N/A,N/A,N/A,N/A,N/A,N/A,N/A,N/A,N/A,N/A,N/A,N/A,N/A,N/A,N/A,N/A,N/A,N/A,N/A,N/A,,,,,,,,,,,,,,,,,,,,,,,,,,,,,,,,,,,,,,,,,,,,
,Index Rate,N/A,N/A,N/A,N/A,N/A,N/A,N/A,N/A,N/A,N/A,N/A,N/A,N/A,N/A,N/A,N/A,N/A,N/A,N/A,N/A,N/A,N/A,N/A,N/A,N/A,N/A,N/A,4.29%,N/A,N/A,N/A,N/A,N/A,N/A,N/A,N/A,N/A,N/A,N/A,N/A,N/A,N/A,N/A,N/A,N/A,N/A,N/A,N/A,N/A,N/A,N/A,N/A,N/A,N/A,,,,,,,,,,,,,,,,,,,,,,,,,,,,,,,,,,,,,,,,,,,,
,Spread,N/A,N/A,N/A,N/A,N/A,N/A,N/A,N/A,N/A,N/A,N/A,N/A,N/A,N/A,N/A,N/A,N/A,N/A,N/A,N/A,N/A,N/A,N/A,N/A,N/A,N/A,N/A,2.25%,N/A,N/A,N/A,N/A,N/A,N/A,N/A,N/A,N/A,N/A,N/A,N/A,N/A,N/A,N/A,N/A,N/A,N/A,N/A,N/A,N/A,N/A,N/A,N/A,N/A,N/A,,,,,,,,,,,,,,,,,,,,,,,,,,,,,,,,,,,,,,,,,,,,
,Term (Min),N/A,N/A,N/A,N/A,N/A,N/A,N/A,N/A,N/A,N/A,N/A,N/A,N/A,N/A,N/A,N/A,N/A,N/A,N/A,N/A,N/A,N/A,N/A,N/A,N/A,N/A,N/A,5,N/A,N/A,N/A,N/A,N/A,N/A,N/A,N/A,N/A,N/A,N/A,N/A,N/A,N/A,N/A,N/A,N/A,N/A,N/A,N/A,N/A,N/A,N/A,N/A,N/A,N/A,,,,,,,,,,,,,,,,,,,,,,,,,,,,,,,,,,,,,,,,,,,,
,Term (Max),N/A,N/A,N/A,N/A,N/A,N/A,N/A,N/A,N/A,N/A,N/A,N/A,N/A,N/A,N/A,N/A,N/A,N/A,N/A,N/A,N/A,N/A,N/A,N/A,N/A,N/A,N/A,5,N/A,N/A,N/A,N/A,N/A,N/A,N/A,N/A,N/A,N/A,N/A,N/A,N/A,N/A,N/A,N/A,N/A,N/A,N/A,N/A,N/A,N/A,N/A,N/A,N/A,N/A,,,,,,,,,,,,,,,,,,,,,,,,,,,,,,,,,,,,,,,,,,,,
,IO Period (Min),N/A,N/A,N/A,N/A,N/A,N/A,N/A,N/A,N/A,N/A,N/A,N/A,N/A,N/A,N/A,N/A,N/A,N/A,N/A,N/A,N/A,N/A,N/A,N/A,N/A,N/A,N/A,None,N/A,N/A,N/A,N/A,N/A,N/A,N/A,N/A,N/A,N/A,N/A,N/A,N/A,N/A,N/A,N/A,N/A,N/A,N/A,N/A,N/A,N/A,N/A,N/A,N/A,N/A,,,,,,,,,,,,,,,,,,,,,,,,,,,,,,,,,,,,,,,,,,,,
,IO Period (Max),N/A,N/A,N/A,N/A,N/A,N/A,N/A,N/A,N/A,N/A,N/A,N/A,N/A,N/A,N/A,N/A,N/A,N/A,N/A,N/A,N/A,N/A,N/A,N/A,N/A,N/A,N/A,5,N/A,N/A,N/A,N/A,N/A,N/A,N/A,N/A,N/A,N/A,N/A,N/A,N/A,N/A,N/A,N/A,N/A,N/A,N/A,N/A,N/A,N/A,N/A,N/A,N/A,N/A,,,,,,,,,,,,,,,,,,,,,,,,,,,,,,,,,,,,,,,,,,,,
,Amortization (Min),N/A,N/A,N/A,N/A,N/A,N/A,N/A,N/A,N/A,N/A,N/A,N/A,N/A,N/A,N/A,N/A,N/A,N/A,N/A,N/A,N/A,N/A,N/A,N/A,N/A,N/A,N/A,25,N/A,N/A,N/A,N/A,N/A,N/A,N/A,N/A,N/A,N/A,N/A,N/A,N/A,N/A,N/A,N/A,N/A,N/A,N/A,N/A,N/A,N/A,N/A,N/A,N/A,N/A,,,,,,,,,,,,,,,,,,,,,,,,,,,,,,,,,,,,,,,,,,,,
,Amortization (Max),N/A,N/A,N/A,N/A,N/A,N/A,N/A,N/A,N/A,N/A,N/A,N/A,N/A,N/A,N/A,N/A,N/A,N/A,N/A,N/A,N/A,N/A,N/A,N/A,N/A,N/A,N/A,30,N/A,N/A,N/A,N/A,N/A,N/A,N/A,N/A,N/A,N/A,N/A,N/A,N/A,N/A,N/A,N/A,N/A,N/A,N/A,N/A,N/A,N/A,N/A,N/A,N/A,N/A,,,,,,,,,,,,,,,,,,,,,,,,,,,,,,,,,,,,,,,,,,,,
,Prepayment Penalty,N/A,N/A,N/A,N/A,N/A,N/A,N/A,N/A,N/A,N/A,N/A,N/A,N/A,N/A,N/A,N/A,N/A,N/A,N/A,N/A,N/A,N/A,N/A,N/A,N/A,N/A,N/A,Step Down,N/A,N/A,N/A,N/A,N/A,N/A,N/A,N/A,N/A,N/A,N/A,N/A,N/A,N/A,N/A,N/A,N/A,N/A,N/A,N/A,N/A,N/A,N/A,N/A,N/A,N/A,,,,,,,,,,,,,,,,,,,,,,,,,,,,,,,,,,,,,,,,,,,,
,Fee,N/A,N/A,N/A,N/A,N/A,N/A,N/A,N/A,N/A,N/A,N/A,N/A,N/A,N/A,N/A,N/A,N/A,N/A,N/A,N/A,N/A,N/A,N/A,N/A,N/A,N/A,N/A,1.0%,N/A,N/A,N/A,N/A,N/A,N/A,N/A,N/A,N/A,N/A,N/A,N/A,N/A,N/A,N/A,N/A,N/A,N/A,N/A,N/A,N/A,N/A,N/A,N/A,N/A,N/A,,,,,,,,,,,,,,,,,,,,,,,,,,,,,,,,,,,,,,,,,,,,